match_date,match_id,year,side,team,opponent,population,wealth_gdp_ppp,avg_temp_c,rank,population_score,wealth_score,climate_score,ranking_score,score_for,score_against,actual,city,host_country
1994-06-17,1,1994,a,Germany,Bolivia,81438348.0,22869.2124447891,9.6,1,0.667353920798432,0.5965633129851801,0.776592510126528,1.0,1,0,win,Chicago,United States
1994-06-17,1,1994,b,Bolivia,Germany,7727322.0,3331.48694317208,20.0,87,0.3927789277954249,0.2208233974248218,0.9059551911095096,0.1655406389193752,0,1,loss,Chicago,United States
1994-06-17,2,1994,a,Spain,South Korea,39549108.0,15582.4470419042,13.3,9,0.5831418995030097,0.5217328890667124,0.9559974818331,0.5894464086047984,2,2,draw,Dallas,United States
1994-06-17,2,1994,b,South Korea,Spain,44641540.0,12551.1693533946,11.5,27,0.5972632575929625,0.4795373775577809,0.8824969025845955,0.38416961290719753,2,2,draw,Dallas,United States
1994-06-18,3,1994,a,Colombia,Romania,35127410.0,6173.63611479219,24.8,8,0.5693190389893463,0.34114403122424725,0.6200068879809457,0.6114542856297229,1,3,loss,Pasadena,United States
1994-06-18,3,1994,b,Romania,Colombia,22730211.0,4995.38530173463,9.1,14,0.518569732664062,0.2998375236290898,0.7453593045429804,0.5068895206493126,3,1,win,Pasadena,United States
1994-06-18,4,1994,a,Italy,Republic of Ireland,56843400.0,21368.5687948064,13.5,2,0.6254350825363034,0.583325144997896,0.962154491713458,0.8704847618765743,0,1,loss,East Rutherford,United States
1994-06-18,4,1994,b,Republic of Ireland,Italy,3590386.0,17011.4382733955,9.3,12,0.30341376461288844,0.538846785736149,0.7579796312276883,0.5356927280555478,1,0,win,East Rutherford,United States
1994-06-18,5,1994,a,United States,Switzerland,263126000.0,27694.853416234,8.6,46,0.8040870151559608,0.6339067048946594,0.7131776783554898,0.28461455797178103,1,1,draw,Pontiac,United States
1994-06-18,5,1994,b,Switzerland,United States,6993795.0,30265.4119215667,6.5,17,0.38115053352193073,0.6512191775224315,0.5728686816364933,0.4706112767948082,1,1,draw,Pontiac,United States
1994-06-19,6,1994,a,Belgium,Morocco,10115603.0,21518.2541385756,10.7,30,0.4241780797034398,0.5846866967425381,0.8408053791958005,0.3644828960641646,1,0,win,Orlando,United States
1994-06-19,6,1994,b,Morocco,Belgium,26000822.0,3314.78149414063,18.3,33,0.5342430611903006,0.2198428735487151,0.967873075176895,0.34667409444288166,0,1,loss,Orlando,United States
1994-06-19,7,1994,a,Cameroon,Sweden,12704903.0,1751.68522971639,24.6,38,0.45074956790307824,0.09543707513670674,0.6334696366573507,0.3203134184418768,2,2,draw,Pasadena,United States
1994-06-19,7,1994,b,Sweden,Cameroon,8780745.0,21835.0182217095,2.1,10,0.40767877098931354,0.5875370504766189,0.3034148339163076,0.5697596917617653,2,2,draw,Pasadena,United States
1994-06-19,8,1994,a,Norway,Mexico,4336613.0,23027.353929175,1.5,29,0.32542957035314996,0.5979074524010377,0.27312123280177847,0.370817434616976,1,0,win,"Washington, D.C.",United States
1994-06-19,8,1994,b,Mexico,Norway,89259205.0,9465.90235452203,21.0,14,0.6780448587502019,0.4245101852526633,0.8569968914352789,0.5068895206493126,0,1,loss,"Washington, D.C.",United States
1994-06-20,9,1994,a,Brazil,Russia,159265006.0,7727.24541738904,25.0,2,0.7455523372078952,0.38492592894476646,0.6065306597126334,0.8704847618765743,2,0,win,Palo Alto,United States
1994-06-20,9,1994,b,Russia,Brazil,148407912.0,5734.421875,-5.1,11,0.7373206419933854,0.32674910277736857,0.0640424024615019,0.5519508901404825,0,2,loss,Palo Alto,United States
1994-06-20,10,1994,a,Netherlands,Saudi Arabia,15382838.0,22413.5258774144,10.4,5,0.47304875051835377,0.5926375399383722,0.8240037097874372,0.6992749298851911,2,1,win,"Washington, D.C.",United States
1994-06-20,10,1994,b,Saudi Arabia,Netherlands,12750040.0,48903.5791696777,26.0,39,0.451163039430934,0.7448131766710907,0.5394075072376266,0.31545987304597345,1,2,loss,"Washington, D.C.",United States
1994-06-21,11,1994,a,Argentina,Greece,34613491.0,10103.0297415979,14.8,7,0.567600736681059,0.4372156236930275,0.9911505004882849,0.6364047587727383,4,0,win,Foxborough,United States
1994-06-21,11,1994,b,Greece,Argentina,10512922.0,14667.1010047956,15.4,60,0.42866976646851146,0.5099248982676482,0.9977802450856064,0.23496765794073904,0,4,loss,Foxborough,United States
1994-06-21,12,1994,a,Germany,Spain,81438348.0,22869.2124447891,9.6,1,0.667353920798432,0.5965633129851801,0.776592510126528,1.0,1,1,draw,Chicago,United States
1994-06-21,12,1994,b,Spain,Germany,39549108.0,15582.4470419042,13.3,9,0.5831418995030097,0.5217328890667124,0.9559974818331,0.5894464086047984,1,1,draw,Chicago,United States
1994-06-21,13,1994,a,Nigeria,Bulgaria,107935714.0,2853.33080416608,26.8,23,0.7001955973174883,0.1906038938193187,0.4867522559599716,0.4141297960952067,3,0,win,Dallas,United States
1994-06-21,13,1994,b,Bulgaria,Nigeria,8443591.0,7337.56505256554,10.6,43,0.4031139274575757,0.3748329649471963,0.835270211411272,0.2972160281740057,0,3,loss,Dallas,United States
1994-06-22,14,1994,a,Romania,Switzerland,22730211.0,4995.38530173463,9.1,10,0.518569732664062,0.2998375236290898,0.7453593045429804,0.5697596917617653,1,4,loss,Pontiac,United States
1994-06-22,14,1994,b,Switzerland,Romania,6993795.0,30265.4119215667,6.5,18,0.38115053352193073,0.6512191775224315,0.5728686816364933,0.4599311704813728,4,1,win,Pontiac,United States
1994-06-22,15,1994,a,United States,Colombia,263126000.0,27694.853416234,8.6,44,0.8040870151559608,0.6339067048946594,0.7131776783554898,0.2929204138936311,2,1,win,Pasadena,United States
1994-06-22,15,1994,b,Colombia,United States,35127410.0,6173.63611479219,24.8,12,0.5693190389893463,0.34114403122424725,0.6200068879809457,0.5356927280555478,1,2,loss,Pasadena,United States
1994-06-23,16,1994,a,Italy,Norway,56843400.0,21368.5687948064,13.5,4,0.6254350825363034,0.583325144997896,0.962154491713458,0.7409695237531486,1,0,win,East Rutherford,United States
1994-06-23,16,1994,b,Norway,Italy,4336613.0,23027.353929175,1.5,23,0.32542957035314996,0.5979074524010377,0.27312123280177847,0.4141297960952067,0,1,loss,East Rutherford,United States
1994-06-23,17,1994,a,South Korea,Bolivia,44641540.0,12551.1693533946,11.5,29,0.5972632575929625,0.4795373775577809,0.8824969025845955,0.370817434616976,0,0,draw,Foxborough,United States
1994-06-23,17,1994,b,Bolivia,South Korea,7727322.0,3331.48694317208,20.0,90,0.3927789277954249,0.2208233974248218,0.9059551911095096,0.1592061003665638,0,0,draw,Foxborough,United States
1994-06-24,18,1994,a,Brazil,Cameroon,159265006.0,7727.24541738904,25.0,2,0.7455523372078952,0.38492592894476646,0.6065306597126334,0.8704847618765743,3,0,win,Palo Alto,United States
1994-06-24,18,1994,b,Cameroon,Brazil,12704903.0,1751.68522971639,24.6,37,0.45074956790307824,0.09543707513670674,0.6334696366573507,0.32529640685768524,0,3,loss,Palo Alto,United States
1994-06-24,19,1994,a,Mexico,Republic of Ireland,89259205.0,9465.90235452203,21.0,15,0.6780448587502019,0.4245101852526633,0.8569968914352789,0.4939981341875903,2,1,win,Orlando,United States
1994-06-24,19,1994,b,Republic of Ireland,Mexico,3590386.0,17011.4382733955,9.3,8,0.30341376461288844,0.538846785736149,0.7579796312276883,0.6114542856297229,1,2,loss,Orlando,United States
1994-06-24,20,1994,a,Sweden,Russia,8780745.0,21835.0182217095,2.1,10,0.40767877098931354,0.5875370504766189,0.3034148339163076,0.5697596917617653,3,1,win,Pontiac,United States
1994-06-24,20,1994,b,Russia,Sweden,148407912.0,5734.421875,-5.1,11,0.7373206419933854,0.32674910277736857,0.0640424024615019,0.5519508901404825,1,3,loss,Pontiac,United States
1994-06-25,21,1994,a,Argentina,Nigeria,34613491.0,10103.0297415979,14.8,7,0.567600736681059,0.4372156236930275,0.9911505004882849,0.6364047587727383,2,1,win,Foxborough,United States
1994-06-25,21,1994,b,Nigeria,Argentina,107935714.0,2853.33080416608,26.8,20,0.7001955973174883,0.1906038938193187,0.4867522559599716,0.44024445363833975,1,2,loss,Foxborough,United States
1994-06-25,22,1994,a,Belgium,Netherlands,10115603.0,21518.2541385756,10.7,23,0.4241780797034398,0.5846866967425381,0.8408053791958005,0.4141297960952067,1,0,win,Orlando,United States
1994-06-25,22,1994,b,Netherlands,Belgium,15382838.0,22413.5258774144,10.4,5,0.47304875051835377,0.5926375399383722,0.8240037097874372,0.6992749298851911,0,1,loss,Orlando,United States
1994-06-25,23,1994,a,Saudi Arabia,Morocco,12750040.0,48903.5791696777,26.0,41,0.451163039430934,0.7448131766710907,0.5394075072376266,0.30611537636325226,2,1,win,East Rutherford,United States
1994-06-25,23,1994,b,Morocco,Saudi Arabia,26000822.0,3314.78149414063,18.3,37,0.5342430611903006,0.2198428735487151,0.967873075176895,0.32529640685768524,1,2,loss,East Rutherford,United States
1994-06-26,24,1994,a,Bulgaria,Greece,8443591.0,7337.56505256554,10.6,47,0.4031139274575757,0.3748329649471963,0.835270211411272,0.2805961021972452,4,0,win,Chicago,United States
1994-06-26,24,1994,b,Greece,Bulgaria,10512922.0,14667.1010047956,15.4,64,0.42866976646851146,0.5099248982676482,0.9977802450856064,0.22290857125944596,0,4,loss,Chicago,United States
1994-06-26,25,1994,a,Switzerland,Colombia,6993795.0,30265.4119215667,6.5,12,0.38115053352193073,0.6512191775224315,0.5728686816364933,0.5356927280555478,0,2,loss,Palo Alto,United States
1994-06-26,25,1994,b,Colombia,Switzerland,35127410.0,6173.63611479219,24.8,15,0.5693190389893463,0.34114403122424725,0.6200068879809457,0.4939981341875903,2,0,win,Palo Alto,United States
1994-06-26,26,1994,a,United States,Romania,263126000.0,27694.853416234,8.6,42,0.8040870151559608,0.6339067048946594,0.7131776783554898,0.30161272495171176,0,1,loss,Pasadena,United States
1994-06-26,26,1994,b,Romania,United States,22730211.0,4995.38530173463,9.1,13,0.518569732664062,0.2998375236290898,0.7453593045429804,0.5207366687435742,1,0,win,Pasadena,United States
1994-06-27,27,1994,a,Bolivia,Spain,7727322.0,3331.48694317208,20.0,86,0.3927789277954249,0.2208233974248218,0.9059551911095096,0.16770079005058014,1,3,loss,Chicago,United States
1994-06-27,27,1994,b,Spain,Bolivia,39549108.0,15582.4470419042,13.3,9,0.5831418995030097,0.5217328890667124,0.9559974818331,0.5894464086047984,3,1,win,Chicago,United States
1994-06-27,28,1994,a,Germany,South Korea,81438348.0,22869.2124447891,9.6,2,0.667353920798432,0.5965633129851801,0.776592510126528,0.8704847618765743,3,2,win,Dallas,United States
1994-06-27,28,1994,b,South Korea,Germany,44641540.0,12551.1693533946,11.5,30,0.5972632575929625,0.4795373775577809,0.8824969025845955,0.3644828960641646,2,3,loss,Dallas,United States
1994-06-28,29,1994,a,Brazil,Sweden,159265006.0,7727.24541738904,25.0,2,0.7455523372078952,0.38492592894476646,0.6065306597126334,0.8704847618765743,1,1,draw,Pontiac,United States
1994-06-28,29,1994,b,Sweden,Brazil,8780745.0,21835.0182217095,2.1,9,0.40767877098931354,0.5875370504766189,0.3034148339163076,0.5894464086047984,1,1,draw,Pontiac,United States
1994-06-28,30,1994,a,Republic of Ireland,Norway,3590386.0,17011.4382733955,9.3,10,0.30341376461288844,0.538846785736149,0.7579796312276883,0.5697596917617653,0,0,draw,East Rutherford,United States
1994-06-28,30,1994,b,Norway,Republic of Ireland,4336613.0,23027.353929175,1.5,28,0.32542957035314996,0.5979074524010377,0.27312123280177847,0.3773742825258869,0,0,draw,East Rutherford,United States
1994-06-28,31,1994,a,Italy,Mexico,56843400.0,21368.5687948064,13.5,3,0.6254350825363034,0.583325144997896,0.962154491713458,0.7947232043023992,1,1,draw,"Washington, D.C.",United States
1994-06-28,31,1994,b,Mexico,Italy,89259205.0,9465.90235452203,21.0,12,0.6780448587502019,0.4245101852526633,0.8569968914352789,0.5356927280555478,1,1,draw,"Washington, D.C.",United States
1994-06-28,32,1994,a,Russia,Cameroon,148407912.0,5734.421875,-5.1,15,0.7373206419933854,0.32674910277736857,0.0640424024615019,0.4939981341875903,6,1,win,Palo Alto,United States
1994-06-28,32,1994,b,Cameroon,Russia,12704903.0,1751.68522971639,24.6,39,0.45074956790307824,0.09543707513670674,0.6334696366573507,0.31545987304597345,1,6,loss,Palo Alto,United States
1994-06-29,33,1994,a,Belgium,Saudi Arabia,10115603.0,21518.2541385756,10.7,17,0.4241780797034398,0.5846866967425381,0.8408053791958005,0.4706112767948082,0,1,loss,"Washington, D.C.",United States
1994-06-29,33,1994,b,Saudi Arabia,Belgium,12750040.0,48903.5791696777,26.0,37,0.451163039430934,0.7448131766710907,0.5394075072376266,0.32529640685768524,1,0,win,"Washington, D.C.",United States
1994-06-29,34,1994,a,Morocco,Netherlands,26000822.0,3314.78149414063,18.3,40,0.5342430611903006,0.2198428735487151,0.967873075176895,0.31072921551491406,1,2,loss,Orlando,United States
1994-06-29,34,1994,b,Netherlands,Morocco,15382838.0,22413.5258774144,10.4,5,0.47304875051835377,0.5926375399383722,0.8240037097874372,0.6992749298851911,2,1,win,Orlando,United States
1994-06-30,35,1994,a,Argentina,Bulgaria,34613491.0,10103.0297415979,14.8,6,0.567600736681059,0.4372156236930275,0.9911505004882849,0.6652079661789736,0,2,loss,Dallas,United States
1994-06-30,35,1994,b,Bulgaria,Argentina,8443591.0,7337.56505256554,10.6,44,0.4031139274575757,0.3748329649471963,0.835270211411272,0.2929204138936311,2,0,win,Dallas,United States
1994-06-30,36,1994,a,Greece,Nigeria,10512922.0,14667.1010047956,15.4,70,0.42866976646851146,0.5099248982676482,0.9977802450856064,0.2061644505345036,0,2,loss,Foxborough,United States
1994-06-30,36,1994,b,Nigeria,Greece,107935714.0,2853.33080416608,26.8,23,0.7001955973174883,0.1906038938193187,0.4867522559599716,0.4141297960952067,2,0,win,Foxborough,United States
1994-07-02,37,1994,a,Germany,Belgium,81438348.0,22869.2124447891,9.6,1,0.667353920798432,0.5965633129851801,0.776592510126528,1.0,3,2,win,Chicago,United States
1994-07-02,37,1994,b,Belgium,Germany,10115603.0,21518.2541385756,10.7,23,0.4241780797034398,0.5846866967425381,0.8408053791958005,0.4141297960952067,2,3,loss,Chicago,United States
1994-07-02,38,1994,a,Spain,Switzerland,39549108.0,15582.4470419042,13.3,9,0.5831418995030097,0.5217328890667124,0.9559974818331,0.5894464086047984,3,0,win,"Washington, D.C.",United States
1994-07-02,38,1994,b,Switzerland,Spain,6993795.0,30265.4119215667,6.5,17,0.38115053352193073,0.6512191775224315,0.5728686816364933,0.4706112767948082,0,3,loss,"Washington, D.C.",United States
1994-07-03,39,1994,a,Romania,Argentina,22730211.0,4995.38530173463,9.1,11,0.518569732664062,0.2998375236290898,0.7453593045429804,0.5519508901404825,3,2,win,Pasadena,United States
1994-07-03,39,1994,b,Argentina,Romania,34613491.0,10103.0297415979,14.8,9,0.567600736681059,0.4372156236930275,0.9911505004882849,0.5894464086047984,2,3,loss,Pasadena,United States
1994-07-03,40,1994,a,Saudi Arabia,Sweden,12750040.0,48903.5791696777,26.0,33,0.451163039430934,0.7448131766710907,0.5394075072376266,0.34667409444288166,1,3,loss,Dallas,United States
1994-07-03,40,1994,b,Sweden,Saudi Arabia,8780745.0,21835.0182217095,2.1,8,0.40767877098931354,0.5875370504766189,0.3034148339163076,0.6114542856297229,3,1,win,Dallas,United States
1994-07-04,41,1994,a,Netherlands,Republic of Ireland,15382838.0,22413.5258774144,10.4,5,0.47304875051835377,0.5926375399383722,0.8240037097874372,0.6992749298851911,2,0,win,Orlando,United States
1994-07-04,41,1994,b,Republic of Ireland,Netherlands,3590386.0,17011.4382733955,9.3,11,0.30341376461288844,0.538846785736149,0.7579796312276883,0.5519508901404825,0,2,loss,Orlando,United States
1994-07-04,42,1994,a,United States,Brazil,263126000.0,27694.853416234,8.6,44,0.8040870151559608,0.6339067048946594,0.7131776783554898,0.2929204138936311,0,1,loss,Palo Alto,United States
1994-07-04,42,1994,b,Brazil,United States,159265006.0,7727.24541738904,25.0,2,0.7455523372078952,0.38492592894476646,0.6065306597126334,0.8704847618765743,1,0,win,Palo Alto,United States
1994-07-05,43,1994,a,Mexico,Bulgaria,89259205.0,9465.90235452203,21.0,11,0.6780448587502019,0.4245101852526633,0.8569968914352789,0.5519508901404825,1,1,draw,East Rutherford,United States
1994-07-05,43,1994,b,Bulgaria,Mexico,8443591.0,7337.56505256554,10.6,39,0.4031139274575757,0.3748329649471963,0.835270211411272,0.31545987304597345,1,1,draw,East Rutherford,United States
1994-07-05,44,1994,a,Nigeria,Italy,107935714.0,2853.33080416608,26.8,19,0.7001955973174883,0.1906038938193187,0.4867522559599716,0.44982865656530246,1,2,loss,Foxborough,United States
1994-07-05,44,1994,b,Italy,Nigeria,56843400.0,21368.5687948064,13.5,3,0.6254350825363034,0.583325144997896,0.962154491713458,0.7947232043023992,2,1,win,Foxborough,United States
1994-07-09,45,1994,a,Italy,Spain,56843400.0,21368.5687948064,13.5,3,0.6254350825363034,0.583325144997896,0.962154491713458,0.7947232043023992,2,1,win,Foxborough,United States
1994-07-09,45,1994,b,Spain,Italy,39549108.0,15582.4470419042,13.3,8,0.5831418995030097,0.5217328890667124,0.9559974818331,0.6114542856297229,1,2,loss,Foxborough,United States
1994-07-09,46,1994,a,Netherlands,Brazil,15382838.0,22413.5258774144,10.4,5,0.47304875051835377,0.5926375399383722,0.8240037097874372,0.6992749298851911,2,3,loss,Dallas,United States
1994-07-09,46,1994,b,Brazil,Netherlands,159265006.0,7727.24541738904,25.0,2,0.7455523372078952,0.38492592894476646,0.6065306597126334,0.8704847618765743,3,2,win,Dallas,United States
1994-07-10,47,1994,a,Bulgaria,Germany,8443591.0,7337.56505256554,10.6,37,0.4031139274575757,0.3748329649471963,0.835270211411272,0.32529640685768524,2,1,win,East Rutherford,United States
1994-07-10,47,1994,b,Germany,Bulgaria,81438348.0,22869.2124447891,9.6,2,0.667353920798432,0.5965633129851801,0.776592510126528,0.8704847618765743,1,2,loss,East Rutherford,United States
1994-07-10,48,1994,a,Romania,Sweden,22730211.0,4995.38530173463,9.1,9,0.518569732664062,0.2998375236290898,0.7453593045429804,0.5894464086047984,2,2,draw,Palo Alto,United States
1994-07-10,48,1994,b,Sweden,Romania,8780745.0,21835.0182217095,2.1,7,0.40767877098931354,0.5875370504766189,0.3034148339163076,0.6364047587727383,2,2,draw,Palo Alto,United States
1994-07-13,49,1994,a,Bulgaria,Italy,8443591.0,7337.56505256554,10.6,34,0.4031139274575757,0.3748329649471963,0.835270211411272,0.3410960386713825,1,2,loss,East Rutherford,United States
1994-07-13,49,1994,b,Italy,Bulgaria,56843400.0,21368.5687948064,13.5,3,0.6254350825363034,0.583325144997896,0.962154491713458,0.7947232043023992,2,1,win,East Rutherford,United States
1994-07-13,50,1994,a,Sweden,Brazil,8780745.0,21835.0182217095,2.1,7,0.40767877098931354,0.5875370504766189,0.3034148339163076,0.6364047587727383,0,1,loss,Pasadena,United States
1994-07-13,50,1994,b,Brazil,Sweden,159265006.0,7727.24541738904,25.0,1,0.7455523372078952,0.38492592894476646,0.6065306597126334,1.0,1,0,win,Pasadena,United States
1994-07-16,51,1994,a,Sweden,Bulgaria,8780745.0,21835.0182217095,2.1,7,0.40767877098931354,0.5875370504766189,0.3034148339163076,0.6364047587727383,4,0,win,Pasadena,United States
1994-07-16,51,1994,b,Bulgaria,Sweden,8443591.0,7337.56505256554,10.6,35,0.4031139274575757,0.3748329649471963,0.835270211411272,0.3356796886579294,0,4,loss,Pasadena,United States
1994-07-17,52,1994,a,Brazil,Italy,159265006.0,7727.24541738904,25.0,1,0.7455523372078952,0.38492592894476646,0.6065306597126334,1.0,0,0,draw,Pasadena,United States
1994-07-17,52,1994,b,Italy,Brazil,56843400.0,21368.5687948064,13.5,2,0.6254350825363034,0.583325144997896,0.962154491713458,0.8704847618765743,0,0,draw,Pasadena,United States
1998-06-10,53,1998,a,Brazil,Scotland,169159655.0,8598.80569222596,25.0,1,0.7525795106898034,0.40577114193888353,0.6065306597126334,1.0,2,1,win,Saint-Denis,France
1998-06-10,53,1998,b,Scotland,Brazil,58487141.0,23689.2365924637,8.3,41,0.6287586389864096,0.6034347889799276,0.6935113630255842,0.30611537636325226,1,2,loss,Saint-Denis,France
1998-06-10,54,1998,a,Morocco,Norway,27621648.0,3740.35913085938,18.3,17,0.541293343188161,0.24340300424402112,0.967873075176895,0.4706112767948082,2,2,draw,Montpellier,France
1998-06-10,54,1998,b,Norway,Morocco,4431464.0,28200.2971651847,1.5,9,0.327952116342085,0.6374343713909983,0.27312123280177847,0.5894464086047984,2,2,draw,Montpellier,France
1998-06-11,55,1998,a,Cameroon,Austria,14144860.0,1975.15598939833,24.6,47,0.4632668647124794,0.11885660181464282,0.6334696366573507,0.2805961021972452,1,1,draw,Toulouse,France
1998-06-11,55,1998,b,Austria,Cameroon,7976789.0,26530.9354041171,6.4,40,0.39648335338145446,0.6255321795228063,0.5661541495171976,0.31072921551491406,1,1,draw,Toulouse,France
1998-06-11,56,1998,a,Italy,Chile,56906744.0,25075.3143427125,13.5,6,0.6255649314037864,0.6145259585468498,0.962154491713458,0.6652079661789736,2,2,draw,Bordeaux,France
1998-06-11,56,1998,b,Chile,Italy,15127799.0,8850.08106066969,8.5,26,0.4710995791228412,0.4113892385277441,0.7066482778577162,0.39122143062014847,2,2,draw,Bordeaux,France
1998-06-12,57,1998,a,France,South Africa,60190684.0,23262.7378060388,11.7,3,0.6321059644779491,0.5998911222694984,0.8921367932761701,0.7947232043023992,3,0,win,Marseille,France
1998-06-12,57,1998,b,South Africa,France,46223880.0,7463.44455141236,17.8,44,0.6013242265181339,0.37815077194923225,0.9801986733067553,0.2929204138936311,0,3,loss,Marseille,France
1998-06-12,58,1998,a,Paraguay,Bulgaria,4900025.0,7226.70095729429,23.6,52,0.33967043169814143,0.37186343515845716,0.7000922199176511,0.2617061924967228,0,0,draw,Montpellier,France
1998-06-12,58,1998,b,Bulgaria,Paraguay,8256786.0,6178.05769921083,10.6,33,0.4005055831004831,0.3412836771937447,0.835270211411272,0.34667409444288166,0,0,draw,Montpellier,France
1998-06-12,59,1998,a,Saudi Arabia,Denmark,14922185.0,48867.2501424353,26.0,26,0.4695040681087052,0.7446682255851267,0.5394075072376266,0.39122143062014847,0,1,loss,Lens,France
1998-06-12,59,1998,b,Denmark,Saudi Arabia,5304219.0,25798.8322910817,8.3,11,0.3489114729228549,0.620074239404871,0.6935113630255842,0.5519508901404825,1,0,win,Lens,France
1998-06-13,60,1998,a,South Korea,Mexico,46286503.0,15500.1476038649,11.5,13,0.6014820705073222,0.5206999906704847,0.8824969025845955,0.5207366687435742,1,3,loss,Lyon,France
1998-06-13,60,1998,b,Mexico,South Korea,95575245.0,10755.5944103753,21.0,19,0.6860159112366105,0.44942396411969754,0.8569968914352789,0.44982865656530246,3,1,win,Lyon,France
1998-06-13,61,1998,a,Netherlands,Belgium,15707209.0,27748.824897953,10.4,6,0.4754816322198507,0.6342864475881841,0.8240037097874372,0.6652079661789736,0,0,draw,Saint-Denis,France
1998-06-13,61,1998,b,Belgium,Netherlands,10203008.0,24370.3723671522,10.7,21,0.4251811457550862,0.6089639536230411,0.8408053791958005,0.43112796307513745,0,0,draw,Saint-Denis,France
1998-06-13,62,1998,a,Spain,Nigeria,40223509.0,19082.8420038702,13.3,5,0.5851132293830653,0.5612587958730862,0.9559974818331,0.6992749298851911,2,3,loss,Nantes,France
1998-06-13,62,1998,b,Nigeria,Spain,119846254.0,3021.60341151961,26.8,50,0.7123993383525697,0.20178040367159913,0.4867522559599716,0.2690346216469566,3,2,win,Nantes,France
1998-06-14,63,1998,a,Argentina,Japan,36372860.0,11835.6769869109,14.8,8,0.5733811064977744,0.4680888138527877,0.9911505004882849,0.6114542856297229,1,0,win,Toulouse,France
1998-06-14,63,1998,b,Japan,Argentina,126400000.0,25508.4207628332,14.6,26,0.7186067012902028,0.6178661497146802,0.9879741303512339,0.39122143062014847,0,1,loss,Toulouse,France
1998-06-14,64,1998,a,Jamaica,Croatia,2569736.0,6543.19022715352,25.7,50,0.26442007782603155,0.35248365328789477,0.5594492456339912,0.2690346216469566,1,3,loss,Lens,France
1998-06-14,64,1998,b,Croatia,Jamaica,4532135.0,9889.58932942162,11.9,13,0.3305710519250634,0.4330507633474795,0.9014367207433535,0.5207366687435742,3,1,win,Lens,France
1998-06-14,65,1998,a,Serbia,Iran,7567745.0,6460.31581585098,11.4,16,0.3903460557784115,0.34999741439502635,0.8775535639640376,0.48193904750629724,1,0,win,Saint-Étienne,France
1998-06-14,65,1998,b,Iran,Serbia,64519859.0,10284.7044582579,17.3,37,0.6402036536634169,0.44069189774973766,0.9896221268507549,0.32529640685768524,0,1,loss,Saint-Étienne,France
1998-06-15,66,1998,a,England,Tunisia,58487141.0,23689.2365924637,9.3,4,0.6287586389864096,0.6034347889799276,0.7579796312276883,0.7409695237531486,2,0,win,Marseille,France
1998-06-15,66,1998,b,Tunisia,England,9541667.0,5579.3872567308,19.2,37,0.41736806092655065,0.32140316369950944,0.9387464321565271,0.32529640685768524,0,2,loss,Marseille,France
1998-06-15,67,1998,a,Germany,United States,82047195.0,25445.8585366297,9.6,2,0.668222312003093,0.617387179251655,0.776592510126528,0.8704847618765743,2,0,win,Paris,France
1998-06-15,67,1998,b,United States,Germany,275854000.0,32853.6725949234,8.6,29,0.8095944942672483,0.6672246280723362,0.7131776783554898,0.370817434616976,0,2,loss,Paris,France
1998-06-15,68,1998,a,Romania,Colombia,22507344.0,5544.665819254,9.1,14,0.5174209582649165,0.3201855401527951,0.7453593045429804,0.5068895206493126,1,0,win,Lyon,France
1998-06-15,68,1998,b,Colombia,Romania,37792165.0,6853.84144017033,24.8,45,0.577843976152752,0.36153095990958883,0.6200068879809457,0.2887213384899895,0,1,loss,Lyon,France
1998-06-16,69,1998,a,Brazil,Morocco,169159655.0,8598.80569222596,25.0,1,0.7525795106898034,0.40577114193888353,0.6065306597126334,1.0,3,0,win,Nantes,France
1998-06-16,69,1998,b,Morocco,Brazil,27621648.0,3740.35913085938,18.3,17,0.541293343188161,0.24340300424402112,0.967873075176895,0.4706112767948082,0,3,loss,Nantes,France
1998-06-16,70,1998,a,Scotland,Norway,58487141.0,23689.2365924637,8.3,45,0.6287586389864096,0.6034347889799276,0.6935113630255842,0.2887213384899895,1,1,draw,Bordeaux,France
1998-06-16,70,1998,b,Norway,Scotland,4431464.0,28200.2971651847,1.5,9,0.327952116342085,0.6374343713909983,0.27312123280177847,0.5894464086047984,1,1,draw,Bordeaux,France
1998-06-17,71,1998,a,Chile,Austria,15127799.0,8850.08106066969,8.5,25,0.4710995791228412,0.4113892385277441,0.7066482778577162,0.39854985977038226,1,1,draw,Saint-Étienne,France
1998-06-17,71,1998,b,Austria,Chile,7976789.0,26530.9354041171,6.4,42,0.39648335338145446,0.6255321795228063,0.5661541495171976,0.30161272495171176,1,1,draw,Saint-Étienne,France
1998-06-17,72,1998,a,Italy,Cameroon,56906744.0,25075.3143427125,13.5,6,0.6255649314037864,0.6145259585468498,0.962154491713458,0.6652079661789736,3,0,win,Montpellier,France
1998-06-17,72,1998,b,Cameroon,Italy,14144860.0,1975.15598939833,24.6,46,0.4632668647124794,0.11885660181464282,0.6334696366573507,0.28461455797178103,0,3,loss,Montpellier,France
1998-06-18,73,1998,a,France,Saudi Arabia,60190684.0,23262.7378060388,11.7,3,0.6321059644779491,0.5998911222694984,0.8921367932761701,0.7947232043023992,4,0,win,Saint-Denis,France
1998-06-18,73,1998,b,Saudi Arabia,France,14922185.0,48867.2501424353,26.0,29,0.4695040681087052,0.7446682255851267,0.5394075072376266,0.370817434616976,0,4,loss,Saint-Denis,France
1998-06-18,74,1998,a,South Africa,Denmark,46223880.0,7463.44455141236,17.8,46,0.6013242265181339,0.37815077194923225,0.9801986733067553,0.28461455797178103,1,1,draw,Toulouse,France
1998-06-18,74,1998,b,Denmark,South Africa,5304219.0,25798.8322910817,8.3,10,0.3489114729228549,0.620074239404871,0.6935113630255842,0.5697596917617653,1,1,draw,Toulouse,France
1998-06-19,75,1998,a,Nigeria,Bulgaria,119846254.0,3021.60341151961,26.8,40,0.7123993383525697,0.20178040367159913,0.4867522559599716,0.31072921551491406,1,0,win,Paris,France
1998-06-19,75,1998,b,Bulgaria,Nigeria,8256786.0,6178.05769921083,10.6,33,0.4005055831004831,0.3412836771937447,0.835270211411272,0.34667409444288166,0,1,loss,Paris,France
1998-06-19,76,1998,a,Spain,Paraguay,40223509.0,19082.8420038702,13.3,5,0.5851132293830653,0.5612587958730862,0.9559974818331,0.6992749298851911,0,0,draw,Saint-Étienne,France
1998-06-19,76,1998,b,Paraguay,Spain,4900025.0,7226.70095729429,23.6,51,0.33967043169814143,0.37186343515845716,0.7000922199176511,0.26533448109720736,0,0,draw,Saint-Étienne,France
1998-06-20,77,1998,a,Belgium,Mexico,10203008.0,24370.3723671522,10.7,18,0.4251811457550862,0.6089639536230411,0.8408053791958005,0.4599311704813728,2,2,draw,Bordeaux,France
1998-06-20,77,1998,b,Mexico,Belgium,95575245.0,10755.5944103753,21.0,16,0.6860159112366105,0.44942396411969754,0.8569968914352789,0.48193904750629724,2,2,draw,Bordeaux,France
1998-06-20,78,1998,a,Japan,Croatia,126400000.0,25508.4207628332,14.6,28,0.7186067012902028,0.6178661497146802,0.9879741303512339,0.3773742825258869,0,1,loss,Nantes,France
1998-06-20,78,1998,b,Croatia,Japan,4532135.0,9889.58932942162,11.9,13,0.3305710519250634,0.4330507633474795,0.9014367207433535,0.5207366687435742,1,0,win,Nantes,France
1998-06-20,79,1998,a,Netherlands,South Korea,15707209.0,27748.824897953,10.4,8,0.4754816322198507,0.6342864475881841,0.8240037097874372,0.6114542856297229,5,0,win,Marseille,France
1998-06-20,79,1998,b,South Korea,Netherlands,46286503.0,15500.1476038649,11.5,17,0.6014820705073222,0.5206999906704847,0.8824969025845955,0.4706112767948082,0,5,loss,Marseille,France
1998-06-21,80,1998,a,Argentina,Jamaica,36372860.0,11835.6769869109,14.8,8,0.5733811064977744,0.4680888138527877,0.9911505004882849,0.6114542856297229,5,0,win,Paris,France
1998-06-21,80,1998,b,Jamaica,Argentina,2569736.0,6543.19022715352,25.7,53,0.26442007782603155,0.35248365328789477,0.5594492456339912,0.2581470183752065,0,5,loss,Paris,France
1998-06-21,81,1998,a,Germany,Serbia,82047195.0,25445.8585366297,9.6,2,0.668222312003093,0.617387179251655,0.776592510126528,0.8704847618765743,2,2,draw,Lens,France
1998-06-21,81,1998,b,Serbia,Germany,7567745.0,6460.31581585098,11.4,14,0.3903460557784115,0.34999741439502635,0.8775535639640376,0.5068895206493126,2,2,draw,Lens,France
1998-06-21,82,1998,a,United States,Iran,275854000.0,32853.6725949234,8.6,30,0.8095944942672483,0.6672246280723362,0.7131776783554898,0.3644828960641646,1,2,loss,Lyon,France
1998-06-21,82,1998,b,Iran,United States,64519859.0,10284.7044582579,17.3,39,0.6402036536634169,0.44069189774973766,0.9896221268507549,0.31545987304597345,2,1,win,Lyon,France
1998-06-22,83,1998,a,Colombia,Tunisia,37792165.0,6853.84144017033,24.8,50,0.577843976152752,0.36153095990958883,0.6200068879809457,0.2690346216469566,1,0,win,Montpellier,France
1998-06-22,83,1998,b,Tunisia,Colombia,9541667.0,5579.3872567308,19.2,39,0.41736806092655065,0.32140316369950944,0.9387464321565271,0.31545987304597345,0,1,loss,Montpellier,France
1998-06-22,84,1998,a,Romania,England,22507344.0,5544.665819254,9.1,13,0.5174209582649165,0.3201855401527951,0.7453593045429804,0.5207366687435742,2,1,win,Toulouse,France
1998-06-22,84,1998,b,England,Romania,58487141.0,23689.2365924637,9.3,4,0.6287586389864096,0.6034347889799276,0.7579796312276883,0.7409695237531486,1,2,loss,Toulouse,France
1998-06-23,85,1998,a,Brazil,Norway,169159655.0,8598.80569222596,25.0,1,0.7525795106898034,0.40577114193888353,0.6065306597126334,1.0,1,2,loss,Marseille,France
1998-06-23,85,1998,b,Norway,Brazil,4431464.0,28200.2971651847,1.5,10,0.327952116342085,0.6374343713909983,0.27312123280177847,0.5697596917617653,2,1,win,Marseille,France
1998-06-23,86,1998,a,Chile,Cameroon,15127799.0,8850.08106066969,8.5,25,0.4710995791228412,0.4113892385277441,0.7066482778577162,0.39854985977038226,1,1,draw,Nantes,France
1998-06-23,86,1998,b,Cameroon,Chile,14144860.0,1975.15598939833,24.6,50,0.4632668647124794,0.11885660181464282,0.6334696366573507,0.2690346216469566,1,1,draw,Nantes,France
1998-06-23,87,1998,a,Italy,Austria,56906744.0,25075.3143427125,13.5,6,0.6255649314037864,0.6145259585468498,0.962154491713458,0.6652079661789736,2,1,win,Saint-Denis,France
1998-06-23,87,1998,b,Austria,Italy,7976789.0,26530.9354041171,6.4,40,0.39648335338145446,0.6255321795228063,0.5661541495171976,0.31072921551491406,1,2,loss,Saint-Denis,France
1998-06-23,88,1998,a,Scotland,Morocco,58487141.0,23689.2365924637,8.3,41,0.6287586389864096,0.6034347889799276,0.6935113630255842,0.30611537636325226,0,3,loss,Saint-Étienne,France
1998-06-23,88,1998,b,Morocco,Scotland,27621648.0,3740.35913085938,18.3,20,0.541293343188161,0.24340300424402112,0.967873075176895,0.44024445363833975,3,0,win,Saint-Étienne,France
1998-06-24,89,1998,a,France,Denmark,60190684.0,23262.7378060388,11.7,3,0.6321059644779491,0.5998911222694984,0.8921367932761701,0.7947232043023992,2,1,win,Lyon,France
1998-06-24,89,1998,b,Denmark,France,5304219.0,25798.8322910817,8.3,12,0.3489114729228549,0.620074239404871,0.6935113630255842,0.5356927280555478,1,2,loss,Lyon,France
1998-06-24,90,1998,a,Nigeria,Paraguay,119846254.0,3021.60341151961,26.8,35,0.7123993383525697,0.20178040367159913,0.4867522559599716,0.3356796886579294,1,3,loss,Toulouse,France
1998-06-24,90,1998,b,Paraguay,Nigeria,4900025.0,7226.70095729429,23.6,49,0.33967043169814143,0.37186343515845716,0.7000922199176511,0.27280951754547655,3,1,win,Toulouse,France
1998-06-24,91,1998,a,South Africa,Saudi Arabia,46223880.0,7463.44455141236,17.8,45,0.6013242265181339,0.37815077194923225,0.9801986733067553,0.2887213384899895,2,2,draw,Bordeaux,France
1998-06-24,91,1998,b,Saudi Arabia,South Africa,14922185.0,48867.2501424353,26.0,30,0.4695040681087052,0.7446682255851267,0.5394075072376266,0.3644828960641646,2,2,draw,Bordeaux,France
1998-06-24,92,1998,a,Spain,Bulgaria,40223509.0,19082.8420038702,13.3,8,0.5851132293830653,0.5612587958730862,0.9559974818331,0.6114542856297229,6,1,win,Lens,France
1998-06-24,92,1998,b,Bulgaria,Spain,8256786.0,6178.05769921083,10.6,38,0.4005055831004831,0.3412836771937447,0.835270211411272,0.3203134184418768,1,6,loss,Lens,France
1998-06-25,93,1998,a,Belgium,South Korea,10203008.0,24370.3723671522,10.7,18,0.4251811457550862,0.6089639536230411,0.8408053791958005,0.4599311704813728,1,1,draw,Paris,France
1998-06-25,93,1998,b,South Korea,Belgium,46286503.0,15500.1476038649,11.5,23,0.6014820705073222,0.5206999906704847,0.8824969025845955,0.4141297960952067,1,1,draw,Paris,France
1998-06-25,94,1998,a,Germany,Iran,82047195.0,25445.8585366297,9.6,3,0.668222312003093,0.617387179251655,0.776592510126528,0.7947232043023992,2,0,win,Montpellier,France
1998-06-25,94,1998,b,Iran,Germany,64519859.0,10284.7044582579,17.3,34,0.6402036536634169,0.44069189774973766,0.9896221268507549,0.3410960386713825,0,2,loss,Montpellier,France
1998-06-25,95,1998,a,Netherlands,Mexico,15707209.0,27748.824897953,10.4,7,0.4754816322198507,0.6342864475881841,0.8240037097874372,0.6364047587727383,2,2,draw,Saint-Étienne,France
1998-06-25,95,1998,b,Mexico,Netherlands,95575245.0,10755.5944103753,21.0,16,0.6860159112366105,0.44942396411969754,0.8569968914352789,0.48193904750629724,2,2,draw,Saint-Étienne,France
1998-06-25,96,1998,a,United States,Serbia,275854000.0,32853.6725949234,8.6,35,0.8095944942672483,0.6672246280723362,0.7131776783554898,0.3356796886579294,0,1,loss,Nantes,France
1998-06-25,96,1998,b,Serbia,United States,7567745.0,6460.31581585098,11.4,13,0.3903460557784115,0.34999741439502635,0.8775535639640376,0.5207366687435742,1,0,win,Nantes,France
1998-06-26,97,1998,a,Argentina,Croatia,36372860.0,11835.6769869109,14.8,7,0.5733811064977744,0.4680888138527877,0.9911505004882849,0.6364047587727383,1,0,win,Bordeaux,France
1998-06-26,97,1998,b,Croatia,Argentina,4532135.0,9889.58932942162,11.9,11,0.3305710519250634,0.4330507633474795,0.9014367207433535,0.5519508901404825,0,1,loss,Bordeaux,France
1998-06-26,98,1998,a,Colombia,England,37792165.0,6853.84144017033,24.8,41,0.577843976152752,0.36153095990958883,0.6200068879809457,0.30611537636325226,0,2,loss,Lens,France
1998-06-26,98,1998,b,England,Colombia,58487141.0,23689.2365924637,9.3,4,0.6287586389864096,0.6034347889799276,0.7579796312276883,0.7409695237531486,2,0,win,Lens,France
1998-06-26,99,1998,a,Japan,Jamaica,126400000.0,25508.4207628332,14.6,31,0.7186067012902028,0.6178661497146802,0.9879741303512339,0.3583560851500469,1,2,loss,Lyon,France
1998-06-26,99,1998,b,Jamaica,Japan,2569736.0,6543.19022715352,25.7,55,0.26442007782603155,0.35248365328789477,0.5594492456339912,0.2512258200256735,2,1,win,Lyon,France
1998-06-26,100,1998,a,Romania,Tunisia,22507344.0,5544.665819254,9.1,10,0.5174209582649165,0.3201855401527951,0.7453593045429804,0.5697596917617653,1,1,draw,Saint-Denis,France
1998-06-26,100,1998,b,Tunisia,Romania,9541667.0,5579.3872567308,19.2,47,0.41736806092655065,0.32140316369950944,0.9387464321565271,0.2805961021972452,1,1,draw,Saint-Denis,France
1998-06-27,101,1998,a,Brazil,Chile,169159655.0,8598.80569222596,25.0,1,0.7525795106898034,0.40577114193888353,0.6065306597126334,1.0,4,1,win,Paris,France
1998-06-27,101,1998,b,Chile,Brazil,15127799.0,8850.08106066969,8.5,25,0.4710995791228412,0.4113892385277441,0.7066482778577162,0.39854985977038226,1,4,loss,Paris,France
1998-06-27,102,1998,a,Italy,Norway,56906744.0,25075.3143427125,13.5,6,0.6255649314037864,0.6145259585468498,0.962154491713458,0.6652079661789736,1,0,win,Marseille,France
1998-06-27,102,1998,b,Norway,Italy,4431464.0,28200.2971651847,1.5,9,0.327952116342085,0.6374343713909983,0.27312123280177847,0.5894464086047984,0,1,loss,Marseille,France
1998-06-28,103,1998,a,France,Paraguay,60190684.0,23262.7378060388,11.7,3,0.6321059644779491,0.5998911222694984,0.8921367932761701,0.7947232043023992,1,0,win,Lens,France
1998-06-28,103,1998,b,Paraguay,France,4900025.0,7226.70095729429,23.6,40,0.33967043169814143,0.37186343515845716,0.7000922199176511,0.31072921551491406,0,1,loss,Lens,France
1998-06-28,104,1998,a,Nigeria,Denmark,119846254.0,3021.60341151961,26.8,38,0.7123993383525697,0.20178040367159913,0.4867522559599716,0.3203134184418768,1,4,loss,Saint-Denis,France
1998-06-28,104,1998,b,Denmark,Nigeria,5304219.0,25798.8322910817,8.3,14,0.3489114729228549,0.620074239404871,0.6935113630255842,0.5068895206493126,4,1,win,Saint-Denis,France
1998-06-29,105,1998,a,Germany,Mexico,82047195.0,25445.8585366297,9.6,2,0.668222312003093,0.617387179251655,0.776592510126528,0.8704847618765743,2,1,win,Montpellier,France
1998-06-29,105,1998,b,Mexico,Germany,95575245.0,10755.5944103753,21.0,15,0.6860159112366105,0.44942396411969754,0.8569968914352789,0.4939981341875903,1,2,loss,Montpellier,France
1998-06-29,106,1998,a,Netherlands,Serbia,15707209.0,27748.824897953,10.4,8,0.4754816322198507,0.6342864475881841,0.8240037097874372,0.6114542856297229,2,1,win,Toulouse,France
1998-06-29,106,1998,b,Serbia,Netherlands,7567745.0,6460.31581585098,11.4,11,0.3903460557784115,0.34999741439502635,0.8775535639640376,0.5519508901404825,1,2,loss,Toulouse,France
1998-06-30,107,1998,a,Argentina,England,36372860.0,11835.6769869109,14.8,6,0.5733811064977744,0.4680888138527877,0.9911505004882849,0.6652079661789736,2,2,draw,Saint-Étienne,France
1998-06-30,107,1998,b,England,Argentina,58487141.0,23689.2365924637,9.3,4,0.6287586389864096,0.6034347889799276,0.7579796312276883,0.7409695237531486,2,2,draw,Saint-Étienne,France
1998-06-30,108,1998,a,Romania,Croatia,22507344.0,5544.665819254,9.1,10,0.5174209582649165,0.3201855401527951,0.7453593045429804,0.5697596917617653,0,1,loss,Bordeaux,France
1998-06-30,108,1998,b,Croatia,Romania,4532135.0,9889.58932942162,11.9,13,0.3305710519250634,0.4330507633474795,0.9014367207433535,0.5207366687435742,1,0,win,Bordeaux,France
1998-07-03,109,1998,a,Brazil,Denmark,169159655.0,8598.80569222596,25.0,1,0.7525795106898034,0.40577114193888353,0.6065306597126334,1.0,3,2,win,Nantes,France
1998-07-03,109,1998,b,Denmark,Brazil,5304219.0,25798.8322910817,8.3,11,0.3489114729228549,0.620074239404871,0.6935113630255842,0.5519508901404825,2,3,loss,Nantes,France
1998-07-03,110,1998,a,France,Italy,60190684.0,23262.7378060388,11.7,3,0.6321059644779491,0.5998911222694984,0.8921367932761701,0.7947232043023992,0,0,draw,Saint-Denis,France
1998-07-03,110,1998,b,Italy,France,56906744.0,25075.3143427125,13.5,5,0.6255649314037864,0.6145259585468498,0.962154491713458,0.6992749298851911,0,0,draw,Saint-Denis,France
1998-07-04,111,1998,a,Germany,Croatia,82047195.0,25445.8585366297,9.6,2,0.668222312003093,0.617387179251655,0.776592510126528,0.8704847618765743,0,3,loss,Lyon,France
1998-07-04,111,1998,b,Croatia,Germany,4532135.0,9889.58932942162,11.9,10,0.3305710519250634,0.4330507633474795,0.9014367207433535,0.5697596917617653,3,0,win,Lyon,France
1998-07-04,112,1998,a,Netherlands,Argentina,15707209.0,27748.824897953,10.4,7,0.4754816322198507,0.6342864475881841,0.8240037097874372,0.6364047587727383,2,1,win,Marseille,France
1998-07-04,112,1998,b,Argentina,Netherlands,36372860.0,11835.6769869109,14.8,6,0.5733811064977744,0.4680888138527877,0.9911505004882849,0.6652079661789736,1,2,loss,Marseille,France
1998-07-07,113,1998,a,Brazil,Netherlands,169159655.0,8598.80569222596,25.0,1,0.7525795106898034,0.40577114193888353,0.6065306597126334,1.0,1,1,draw,Marseille,France
1998-07-07,113,1998,b,Netherlands,Brazil,15707209.0,27748.824897953,10.4,5,0.4754816322198507,0.6342864475881841,0.8240037097874372,0.6992749298851911,1,1,draw,Marseille,France
1998-07-08,114,1998,a,France,Croatia,60190684.0,23262.7378060388,11.7,2,0.6321059644779491,0.5998911222694984,0.8921367932761701,0.8704847618765743,2,1,win,Saint-Denis,France
1998-07-08,114,1998,b,Croatia,France,4532135.0,9889.58932942162,11.9,9,0.3305710519250634,0.4330507633474795,0.9014367207433535,0.5894464086047984,1,2,loss,Saint-Denis,France
1998-07-11,115,1998,a,Netherlands,Croatia,15707209.0,27748.824897953,10.4,4,0.4754816322198507,0.6342864475881841,0.8240037097874372,0.7409695237531486,1,2,loss,Paris,France
1998-07-11,115,1998,b,Croatia,Netherlands,4532135.0,9889.58932942162,11.9,10,0.3305710519250634,0.4330507633474795,0.9014367207433535,0.5697596917617653,2,1,win,Paris,France
1998-07-12,116,1998,a,France,Brazil,60190684.0,23262.7378060388,11.7,2,0.6321059644779491,0.5998911222694984,0.8921367932761701,0.8704847618765743,3,0,win,Saint-Denis,France
1998-07-12,116,1998,b,Brazil,France,169159655.0,8598.80569222596,25.0,1,0.7525795106898034,0.40577114193888353,0.6065306597126334,1.0,0,3,loss,Saint-Denis,France
2002-05-31,117,2002,a,France,Senegal,61812142.0,28350.0985605428,11.7,1,0.6352051386026267,0.638467747006663,0.8921367932761701,1.0,0,1,loss,Seoul,South Korea
2002-05-31,117,2002,b,Senegal,France,10466214.0,2026.77782446969,27.8,31,0.4281506211013408,0.12388887963521955,0.4233711028530494,0.3583560851500469,1,0,win,Seoul,South Korea
2002-06-01,118,2002,a,Germany,Saudi Arabia,82488495.0,29513.6823267102,9.6,9,0.668847714259756,0.6463133509096883,0.776592510126528,0.5894464086047984,8,0,win,Sapporo,Japan
2002-06-01,118,2002,b,Saudi Arabia,Germany,17910910.0,45466.0257673051,26.0,18,0.49078852557853225,0.7305968793654053,0.5394075072376266,0.4599311704813728,0,8,loss,Sapporo,Japan
2002-06-01,119,2002,a,Republic of Ireland,Cameroon,3931947.0,35222.028724352,9.3,13,0.3140087178974334,0.6808017330006512,0.7579796312276883,0.5207366687435742,1,1,draw,Niigata,Japan
2002-06-01,119,2002,b,Cameroon,Republic of Ireland,15725528.0,2263.05519674356,24.6,19,0.4756175274473458,0.14539680247432207,0.6334696366573507,0.44982865656530246,1,1,draw,Niigata,Japan
2002-06-01,120,2002,a,Uruguay,Denmark,3278867.0,10030.1287840488,17.6,30,0.2928320118778628,0.43580308549498487,0.9843217347761177,0.3644828960641646,1,2,loss,Ulsan,South Korea
2002-06-01,120,2002,b,Denmark,Uruguay,5375931.0,30666.5967674022,8.3,10,0.3504771622868003,0.6537876935701028,0.6935113630255842,0.5697596917617653,2,1,win,Ulsan,South Korea
2002-06-02,121,2002,a,Argentina,Nigeria,38029349.0,9953.46492880857,14.8,2,0.5785733982997531,0.4343065184508628,0.9911505004882849,0.8704847618765743,1,0,win,Kashima,Japan
2002-06-02,121,2002,b,Nigeria,Argentina,133471989.0,3770.1793488182,26.8,19,0.724953780825083,0.24495188863531311,0.4867522559599716,0.44982865656530246,0,1,loss,Kashima,Japan
2002-06-02,122,2002,a,England,Sweden,59370479.0,29089.0536770407,9.3,9,0.6305063192067836,0.6434866752187972,0.7579796312276883,0.5894464086047984,1,1,draw,Saitama,Japan
2002-06-02,122,2002,b,Sweden,England,8924958.0,30987.2674908129,2.1,21,0.40957803540960164,0.6558166835814204,0.3034148339163076,0.43112796307513745,1,1,draw,Saitama,Japan
2002-06-02,123,2002,a,Paraguay,South Africa,5261328.0,6924.18334927644,23.6,36,0.3479648845551538,0.3635225866366561,0.7000922199176511,0.3304159323579471,2,2,draw,Busan,South Korea
2002-06-02,123,2002,b,South Africa,Paraguay,48019415.0,8792.35588574265,17.8,44,0.6057672699726401,0.4101128431679379,0.9801986733067553,0.2929204138936311,2,2,draw,Busan,South Korea
2002-06-02,124,2002,a,Spain,Slovenia,41431558.0,24377.8417076394,13.3,5,0.5885632182335511,0.6090237260010037,0.9559974818331,0.6992749298851911,3,1,win,Gwangju,South Korea
2002-06-02,124,2002,b,Slovenia,Spain,1994530.0,20004.2990959715,9.7,43,0.23487724170140364,0.570456907305027,0.7827045382418681,0.2972160281740057,1,3,loss,Gwangju,South Korea
2002-06-03,125,2002,a,Brazil,Turkey,178503484.0,9616.59485486268,25.0,6,0.7588478922846789,0.42759083583839763,0.6065306597126334,0.6652079661789736,2,1,win,Ulsan,South Korea
2002-06-03,125,2002,b,Turkey,Brazil,67048795.0,9154.45153457514,11.1,51,0.6446861866358329,0.4179846064735923,0.8622501298738093,0.26533448109720736,1,2,loss,Ulsan,South Korea
2002-06-03,126,2002,a,Croatia,Mexico,4302174.0,12774.6276276714,11.9,16,0.32449999487424064,0.48297946241773965,0.9014367207433535,0.48193904750629724,0,1,loss,Niigata,Japan
2002-06-03,126,2002,b,Mexico,Croatia,101548624.0,11761.8865901666,21.0,15,0.6930839420093639,0.4668689507952167,0.8569968914352789,0.4939981341875903,1,0,win,Niigata,Japan
2002-06-03,127,2002,a,Italy,Ecuador,57089824.0,28833.0217903129,13.5,5,0.6259394161156162,0.6417623080193156,0.962154491713458,0.6992749298851911,2,0,win,Sapporo,Japan
2002-06-03,127,2002,b,Ecuador,Italy,13138472.0,6281.52215151108,21.9,40,0.45466188759776643,0.3445231529294458,0.8066410193413683,0.31072921551491406,0,2,loss,Sapporo,Japan
2002-06-04,128,2002,a,China,Costa Rica,1280400000.0,3590.7659594167,7.5,30,0.9885639177054737,0.23544180652667995,0.6401916756137932,0.3644828960641646,0,2,loss,Gwangju,South Korea
2002-06-04,128,2002,b,Costa Rica,China,4075705.0,8460.65229565223,24.8,33,0.3181952852889091,0.4026119005117649,0.6200068879809457,0.34667409444288166,2,0,win,Gwangju,South Korea
2002-06-04,129,2002,a,Japan,Belgium,127445000.0,28623.5884479367,14.6,13,0.7195666205872154,0.6403403566952165,0.9879741303512339,0.5207366687435742,2,2,draw,Saitama,Japan
2002-06-04,129,2002,b,Belgium,Japan,10332785.0,30282.2886450283,10.7,15,0.4266547356205384,0.6513279120505626,0.8408053791958005,0.4939981341875903,2,2,draw,Saitama,Japan
2002-06-04,130,2002,a,South Korea,Poland,47644736.0,22173.4881729168,11.5,24,0.6048540047003991,0.5905373805561582,0.8824969025845955,0.4061774899321221,2,0,win,Busan,South Korea
2002-06-04,130,2002,b,Poland,South Korea,38230364.0,11841.2684087721,8.8,40,0.5791880355787564,0.4681809380208206,0.7261490370736909,0.31072921551491406,0,2,loss,Busan,South Korea
2002-06-05,131,2002,a,Germany,Republic of Ireland,82488495.0,29513.6823267102,9.6,8,0.668847714259756,0.6463133509096883,0.776592510126528,0.6114542856297229,1,1,draw,Kashima,Japan
2002-06-05,131,2002,b,Republic of Ireland,Germany,3931947.0,35222.028724352,9.3,14,0.3140087178974334,0.6808017330006512,0.7579796312276883,0.5068895206493126,1,1,draw,Kashima,Japan
2002-06-05,132,2002,a,Russia,Tunisia,145306497.0,8037.474609375,-5.1,35,0.7348583737480918,0.3926035991376883,0.0640424024615019,0.3356796886579294,2,0,win,Kobe,Japan
2002-06-05,132,2002,b,Tunisia,Russia,9971515.0,6715.11078442505,19.2,45,0.42250544068600826,0.3575423805062227,0.9387464321565271,0.2887213384899895,0,2,loss,Kobe,Japan
2002-06-05,133,2002,a,United States,Portugal,287625193.0,37997.7424300242,8.6,19,0.8144663046410149,0.6955972947801525,0.7131776783554898,0.44982865656530246,3,2,win,Suwon,South Korea
2002-06-05,133,2002,b,Portugal,United States,10419631.0,20356.647299736,15.2,7,0.42763055240278186,0.5738625472966371,0.9960571761381909,0.6364047587727383,2,3,loss,Suwon,South Korea
2002-06-06,134,2002,a,Cameroon,Saudi Arabia,15725528.0,2263.05519674356,24.6,19,0.4756175274473458,0.14539680247432207,0.6334696366573507,0.44982865656530246,1,0,win,Saitama,Japan
2002-06-06,134,2002,b,Saudi Arabia,Cameroon,17910910.0,45466.0257673051,26.0,25,0.49078852557853225,0.7305968793654053,0.5394075072376266,0.39854985977038226,0,1,loss,Saitama,Japan
2002-06-06,135,2002,a,Denmark,Senegal,5375931.0,30666.5967674022,8.3,9,0.3504771622868003,0.6537876935701028,0.6935113630255842,0.5894464086047984,1,1,draw,Daegu,South Korea
2002-06-06,135,2002,b,Senegal,Denmark,10466214.0,2026.77782446969,27.8,26,0.4281506211013408,0.12388887963521955,0.4233711028530494,0.39122143062014847,1,1,draw,Daegu,South Korea
2002-06-06,136,2002,a,France,Uruguay,61812142.0,28350.0985605428,11.7,1,0.6352051386026267,0.638467747006663,0.8921367932761701,1.0,0,0,draw,Busan,South Korea
2002-06-06,136,2002,b,Uruguay,France,3278867.0,10030.1287840488,17.6,33,0.2928320118778628,0.43580308549498487,0.9843217347761177,0.34667409444288166,0,0,draw,Busan,South Korea
2002-06-07,137,2002,a,Argentina,England,38029349.0,9953.46492880857,14.8,2,0.5785733982997531,0.4343065184508628,0.9911505004882849,0.8704847618765743,0,1,loss,Sapporo,Japan
2002-06-07,137,2002,b,England,Argentina,59370479.0,29089.0536770407,9.3,9,0.6305063192067836,0.6434866752187972,0.7579796312276883,0.5894464086047984,1,0,win,Sapporo,Japan
2002-06-07,138,2002,a,Spain,Paraguay,41431558.0,24377.8417076394,13.3,5,0.5885632182335511,0.6090237260010037,0.9559974818331,0.6992749298851911,3,1,win,Jeonju,South Korea
2002-06-07,138,2002,b,Paraguay,Spain,5261328.0,6924.18334927644,23.6,37,0.3479648845551538,0.3635225866366561,0.7000922199176511,0.32529640685768524,1,3,loss,Jeonju,South Korea
2002-06-07,139,2002,a,Sweden,Nigeria,8924958.0,30987.2674908129,2.1,20,0.40957803540960164,0.6558166835814204,0.3034148339163076,0.44024445363833975,2,1,win,Kobe,Japan
2002-06-07,139,2002,b,Nigeria,Sweden,133471989.0,3770.1793488182,26.8,24,0.724953780825083,0.24495188863531311,0.4867522559599716,0.4061774899321221,1,2,loss,Kobe,Japan
2002-06-08,140,2002,a,Brazil,China,178503484.0,9616.59485486268,25.0,6,0.7588478922846789,0.42759083583839763,0.6065306597126334,0.6652079661789736,4,0,win,Seogwipo,South Korea
2002-06-08,140,2002,b,China,Brazil,1280400000.0,3590.7659594167,7.5,36,0.9885639177054737,0.23544180652667995,0.6401916756137932,0.3304159323579471,0,4,loss,Seogwipo,South Korea
2002-06-08,141,2002,a,Italy,Croatia,57089824.0,28833.0217903129,13.5,5,0.6259394161156162,0.6417623080193156,0.962154491713458,0.6992749298851911,1,2,loss,Kashima,Japan
2002-06-08,141,2002,b,Croatia,Italy,4302174.0,12774.6276276714,11.9,21,0.32449999487424064,0.48297946241773965,0.9014367207433535,0.43112796307513745,2,1,win,Kashima,Japan
2002-06-08,142,2002,a,South Africa,Slovenia,48019415.0,8792.35588574265,17.8,44,0.6057672699726401,0.4101128431679379,0.9801986733067553,0.2929204138936311,1,0,win,Daegu,South Korea
2002-06-08,142,2002,b,Slovenia,South Africa,1994530.0,20004.2990959715,9.7,42,0.23487724170140364,0.570456907305027,0.7827045382418681,0.30161272495171176,0,1,loss,Daegu,South Korea
2002-06-09,143,2002,a,Costa Rica,Turkey,4075705.0,8460.65229565223,24.8,29,0.3181952852889091,0.4026119005117649,0.6200068879809457,0.370817434616976,1,1,draw,Incheon,South Korea
2002-06-09,143,2002,b,Turkey,Costa Rica,67048795.0,9154.45153457514,11.1,53,0.6446861866358329,0.4179846064735923,0.8622501298738093,0.2581470183752065,1,1,draw,Incheon,South Korea
2002-06-09,144,2002,a,Japan,Russia,127445000.0,28623.5884479367,14.6,13,0.7195666205872154,0.6403403566952165,0.9879741303512339,0.5207366687435742,1,0,win,Yokohama,Japan
2002-06-09,144,2002,b,Russia,Japan,145306497.0,8037.474609375,-5.1,31,0.7348583737480918,0.3926035991376883,0.0640424024615019,0.3583560851500469,0,1,loss,Yokohama,Japan
2002-06-09,145,2002,a,Mexico,Ecuador,101548624.0,11761.8865901666,21.0,12,0.6930839420093639,0.4668689507952167,0.8569968914352789,0.5356927280555478,2,1,win,Rifu,Japan
2002-06-09,145,2002,b,Ecuador,Mexico,13138472.0,6281.52215151108,21.9,41,0.45466188759776643,0.3445231529294458,0.8066410193413683,0.30611537636325226,1,2,loss,Rifu,Japan
2002-06-10,146,2002,a,South Korea,United States,47644736.0,22173.4881729168,11.5,21,0.6048540047003991,0.5905373805561582,0.8824969025845955,0.43112796307513745,1,1,draw,Daegu,South Korea
2002-06-10,146,2002,b,United States,South Korea,287625193.0,37997.7424300242,8.6,15,0.8144663046410149,0.6955972947801525,0.7131776783554898,0.4939981341875903,1,1,draw,Daegu,South Korea
2002-06-10,147,2002,a,Portugal,Poland,10419631.0,20356.647299736,15.2,8,0.42763055240278186,0.5738625472966371,0.9960571761381909,0.6114542856297229,4,0,win,Jeonju,South Korea
2002-06-10,147,2002,b,Poland,Portugal,38230364.0,11841.2684087721,8.8,42,0.5791880355787564,0.4681809380208206,0.7261490370736909,0.30161272495171176,0,4,loss,Jeonju,South Korea
2002-06-10,148,2002,a,Tunisia,Belgium,9971515.0,6715.11078442505,19.2,50,0.42250544068600826,0.3575423805062227,0.9387464321565271,0.2690346216469566,1,1,draw,Ōita,Japan
2002-06-10,148,2002,b,Belgium,Tunisia,10332785.0,30282.2886450283,10.7,17,0.4266547356205384,0.6513279120505626,0.8408053791958005,0.4706112767948082,1,1,draw,Ōita,Japan
2002-06-11,149,2002,a,Cameroon,Germany,15725528.0,2263.05519674356,24.6,16,0.4756175274473458,0.14539680247432207,0.6334696366573507,0.48193904750629724,0,2,loss,Fukuroi,Japan
2002-06-11,149,2002,b,Germany,Cameroon,82488495.0,29513.6823267102,9.6,9,0.668847714259756,0.6463133509096883,0.776592510126528,0.5894464086047984,2,0,win,Fukuroi,Japan
2002-06-11,150,2002,a,Denmark,France,5375931.0,30666.5967674022,8.3,10,0.3504771622868003,0.6537876935701028,0.6935113630255842,0.5697596917617653,2,0,win,Incheon,South Korea
2002-06-11,150,2002,b,France,Denmark,61812142.0,28350.0985605428,11.7,1,0.6352051386026267,0.638467747006663,0.8921367932761701,1.0,0,2,loss,Incheon,South Korea
2002-06-11,151,2002,a,Saudi Arabia,Republic of Ireland,17910910.0,45466.0257673051,26.0,25,0.49078852557853225,0.7305968793654053,0.5394075072376266,0.39854985977038226,0,3,loss,Yokohama,Japan
2002-06-11,151,2002,b,Republic of Ireland,Saudi Arabia,3931947.0,35222.028724352,9.3,14,0.3140087178974334,0.6808017330006512,0.7579796312276883,0.5068895206493126,3,0,win,Yokohama,Japan
2002-06-11,152,2002,a,Senegal,Uruguay,10466214.0,2026.77782446969,27.8,26,0.4281506211013408,0.12388887963521955,0.4233711028530494,0.39122143062014847,3,3,draw,Suwon,South Korea
2002-06-11,152,2002,b,Uruguay,Senegal,3278867.0,10030.1287840488,17.6,31,0.2928320118778628,0.43580308549498487,0.9843217347761177,0.3583560851500469,3,3,draw,Suwon,South Korea
2002-06-12,153,2002,a,Nigeria,England,133471989.0,3770.1793488182,26.8,24,0.724953780825083,0.24495188863531311,0.4867522559599716,0.4061774899321221,0,0,draw,Osaka,Japan
2002-06-12,153,2002,b,England,Nigeria,59370479.0,29089.0536770407,9.3,7,0.6305063192067836,0.6434866752187972,0.7579796312276883,0.6364047587727383,0,0,draw,Osaka,Japan
2002-06-12,154,2002,a,Slovenia,Paraguay,1994530.0,20004.2990959715,9.7,45,0.23487724170140364,0.570456907305027,0.7827045382418681,0.2887213384899895,1,3,loss,Seogwipo,South Korea
2002-06-12,154,2002,b,Paraguay,Slovenia,5261328.0,6924.18334927644,23.6,39,0.3479648845551538,0.3635225866366561,0.7000922199176511,0.31545987304597345,3,1,win,Seogwipo,South Korea
2002-06-12,155,2002,a,South Africa,Spain,48019415.0,8792.35588574265,17.8,40,0.6057672699726401,0.4101128431679379,0.9801986733067553,0.31072921551491406,2,3,loss,Daejeon,South Korea
2002-06-12,155,2002,b,Spain,South Africa,41431558.0,24377.8417076394,13.3,4,0.5885632182335511,0.6090237260010037,0.9559974818331,0.7409695237531486,3,2,win,Daejeon,South Korea
2002-06-12,156,2002,a,Sweden,Argentina,8924958.0,30987.2674908129,2.1,17,0.40957803540960164,0.6558166835814204,0.3034148339163076,0.4706112767948082,1,1,draw,Rifu,Japan
2002-06-12,156,2002,b,Argentina,Sweden,38029349.0,9953.46492880857,14.8,3,0.5785733982997531,0.4343065184508628,0.9911505004882849,0.7947232043023992,1,1,draw,Rifu,Japan
2002-06-13,157,2002,a,Costa Rica,Brazil,4075705.0,8460.65229565223,24.8,30,0.3181952852889091,0.4026119005117649,0.6200068879809457,0.3644828960641646,2,5,loss,Suwon,South Korea
2002-06-13,157,2002,b,Brazil,Costa Rica,178503484.0,9616.59485486268,25.0,5,0.7588478922846789,0.42759083583839763,0.6065306597126334,0.6992749298851911,5,2,win,Suwon,South Korea
2002-06-13,158,2002,a,Ecuador,Croatia,13138472.0,6281.52215151108,21.9,42,0.45466188759776643,0.3445231529294458,0.8066410193413683,0.30161272495171176,1,0,win,Yokohama,Japan
2002-06-13,158,2002,b,Croatia,Ecuador,4302174.0,12774.6276276714,11.9,17,0.32449999487424064,0.48297946241773965,0.9014367207433535,0.4706112767948082,0,1,loss,Yokohama,Japan
2002-06-13,159,2002,a,Mexico,Italy,101548624.0,11761.8865901666,21.0,11,0.6930839420093639,0.4668689507952167,0.8569968914352789,0.5519508901404825,1,1,draw,Ōita,Japan
2002-06-13,159,2002,b,Italy,Mexico,57089824.0,28833.0217903129,13.5,6,0.6259394161156162,0.6417623080193156,0.962154491713458,0.6652079661789736,1,1,draw,Ōita,Japan
2002-06-13,160,2002,a,Turkey,China,67048795.0,9154.45153457514,11.1,51,0.6446861866358329,0.4179846064735923,0.8622501298738093,0.26533448109720736,3,0,win,Seoul,South Korea
2002-06-13,160,2002,b,China,Turkey,1280400000.0,3590.7659594167,7.5,39,0.9885639177054737,0.23544180652667995,0.6401916756137932,0.31545987304597345,0,3,loss,Seoul,South Korea
2002-06-14,161,2002,a,Belgium,Russia,10332785.0,30282.2886450283,10.7,17,0.4266547356205384,0.6513279120505626,0.8408053791958005,0.4706112767948082,3,2,win,Fukuroi,Japan
2002-06-14,161,2002,b,Russia,Belgium,145306497.0,8037.474609375,-5.1,36,0.7348583737480918,0.3926035991376883,0.0640424024615019,0.3304159323579471,2,3,loss,Fukuroi,Japan
2002-06-14,162,2002,a,Japan,Tunisia,127445000.0,28623.5884479367,14.6,13,0.7195666205872154,0.6403403566952165,0.9879741303512339,0.5207366687435742,2,0,win,Osaka,Japan
2002-06-14,162,2002,b,Tunisia,Japan,9971515.0,6715.11078442505,19.2,49,0.42250544068600826,0.3575423805062227,0.9387464321565271,0.27280951754547655,0,2,loss,Osaka,Japan
2002-06-14,163,2002,a,South Korea,Portugal,47644736.0,22173.4881729168,11.5,19,0.6048540047003991,0.5905373805561582,0.8824969025845955,0.44982865656530246,1,0,win,Incheon,South Korea
2002-06-14,163,2002,b,Portugal,South Korea,10419631.0,20356.647299736,15.2,8,0.42763055240278186,0.5738625472966371,0.9960571761381909,0.6114542856297229,0,1,loss,Incheon,South Korea
2002-06-14,164,2002,a,Poland,United States,38230364.0,11841.2684087721,8.8,43,0.5791880355787564,0.4681809380208206,0.7261490370736909,0.2972160281740057,3,1,win,Daejeon,South Korea
2002-06-14,164,2002,b,United States,Poland,287625193.0,37997.7424300242,8.6,16,0.8144663046410149,0.6955972947801525,0.7131776783554898,0.48193904750629724,1,3,loss,Daejeon,South Korea
2002-06-15,165,2002,a,Denmark,England,5375931.0,30666.5967674022,8.3,7,0.3504771622868003,0.6537876935701028,0.6935113630255842,0.6364047587727383,0,3,loss,Niigata,Japan
2002-06-15,165,2002,b,England,Denmark,59370479.0,29089.0536770407,9.3,9,0.6305063192067836,0.6434866752187972,0.7579796312276883,0.5894464086047984,3,0,win,Niigata,Japan
2002-06-15,166,2002,a,Germany,Paraguay,82488495.0,29513.6823267102,9.6,8,0.668847714259756,0.6463133509096883,0.776592510126528,0.6114542856297229,1,0,win,Seogwipo,South Korea
2002-06-15,166,2002,b,Paraguay,Germany,5261328.0,6924.18334927644,23.6,33,0.3479648845551538,0.3635225866366561,0.7000922199176511,0.34667409444288166,0,1,loss,Seogwipo,South Korea
2002-06-16,167,2002,a,Spain,Republic of Ireland,41431558.0,24377.8417076394,13.3,4,0.5885632182335511,0.6090237260010037,0.9559974818331,0.7409695237531486,1,1,draw,Suwon,South Korea
2002-06-16,167,2002,b,Republic of Ireland,Spain,3931947.0,35222.028724352,9.3,14,0.3140087178974334,0.6808017330006512,0.7579796312276883,0.5068895206493126,1,1,draw,Suwon,South Korea
2002-06-16,168,2002,a,Sweden,Senegal,8924958.0,30987.2674908129,2.1,17,0.40957803540960164,0.6558166835814204,0.3034148339163076,0.4706112767948082,1,2,loss,Ōita,Japan
2002-06-16,168,2002,b,Senegal,Sweden,10466214.0,2026.77782446969,27.8,25,0.4281506211013408,0.12388887963521955,0.4233711028530494,0.39854985977038226,2,1,win,Ōita,Japan
2002-06-17,169,2002,a,Brazil,Belgium,178503484.0,9616.59485486268,25.0,5,0.7588478922846789,0.42759083583839763,0.6065306597126334,0.6992749298851911,2,0,win,Kobe,Japan
2002-06-17,169,2002,b,Belgium,Brazil,10332785.0,30282.2886450283,10.7,15,0.4266547356205384,0.6513279120505626,0.8408053791958005,0.4939981341875903,0,2,loss,Kobe,Japan
2002-06-17,170,2002,a,Mexico,United States,101548624.0,11761.8865901666,21.0,12,0.6930839420093639,0.4668689507952167,0.8569968914352789,0.5356927280555478,0,2,loss,Jeonju,South Korea
2002-06-17,170,2002,b,United States,Mexico,287625193.0,37997.7424300242,8.6,20,0.8144663046410149,0.6955972947801525,0.7131776783554898,0.44024445363833975,2,0,win,Jeonju,South Korea
2002-06-18,171,2002,a,Japan,Turkey,127445000.0,28623.5884479367,14.6,11,0.7195666205872154,0.6403403566952165,0.9879741303512339,0.5519508901404825,0,1,loss,Rifu,Japan
2002-06-18,171,2002,b,Turkey,Japan,67048795.0,9154.45153457514,11.1,44,0.6446861866358329,0.4179846064735923,0.8622501298738093,0.2929204138936311,1,0,win,Rifu,Japan
2002-06-18,172,2002,a,South Korea,Italy,47644736.0,22173.4881729168,11.5,15,0.6048540047003991,0.5905373805561582,0.8824969025845955,0.4939981341875903,2,1,win,Daejeon,South Korea
2002-06-18,172,2002,b,Italy,South Korea,57089824.0,28833.0217903129,13.5,6,0.6259394161156162,0.6417623080193156,0.962154491713458,0.6652079661789736,1,2,loss,Daejeon,South Korea
2002-06-21,173,2002,a,England,Brazil,59370479.0,29089.0536770407,9.3,6,0.6305063192067836,0.6434866752187972,0.7579796312276883,0.6652079661789736,1,2,loss,Fukuroi,Japan
2002-06-21,173,2002,b,Brazil,England,178503484.0,9616.59485486268,25.0,3,0.7588478922846789,0.42759083583839763,0.6065306597126334,0.7947232043023992,2,1,win,Fukuroi,Japan
2002-06-21,174,2002,a,Germany,United States,82488495.0,29513.6823267102,9.6,7,0.668847714259756,0.6463133509096883,0.776592510126528,0.6364047587727383,1,0,win,Ulsan,South Korea
2002-06-21,174,2002,b,United States,Germany,287625193.0,37997.7424300242,8.6,16,0.8144663046410149,0.6955972947801525,0.7131776783554898,0.48193904750629724,0,1,loss,Ulsan,South Korea
2002-06-22,175,2002,a,South Korea,Spain,47644736.0,22173.4881729168,11.5,11,0.6048540047003991,0.5905373805561582,0.8824969025845955,0.5519508901404825,0,0,draw,Gwangju,South Korea
2002-06-22,175,2002,b,Spain,South Korea,41431558.0,24377.8417076394,13.3,5,0.5885632182335511,0.6090237260010037,0.9559974818331,0.6992749298851911,0,0,draw,Gwangju,South Korea
2002-06-22,176,2002,a,Senegal,Turkey,10466214.0,2026.77782446969,27.8,24,0.4281506211013408,0.12388887963521955,0.4233711028530494,0.4061774899321221,0,1,loss,Osaka,Japan
2002-06-22,176,2002,b,Turkey,Senegal,67048795.0,9154.45153457514,11.1,41,0.6446861866358329,0.4179846064735923,0.8622501298738093,0.30611537636325226,1,0,win,Osaka,Japan
2002-06-25,177,2002,a,South Korea,Germany,47644736.0,22173.4881729168,11.5,11,0.6048540047003991,0.5905373805561582,0.8824969025845955,0.5519508901404825,0,1,loss,Seoul,South Korea
2002-06-25,177,2002,b,Germany,South Korea,82488495.0,29513.6823267102,9.6,6,0.668847714259756,0.6463133509096883,0.776592510126528,0.6652079661789736,1,0,win,Seoul,South Korea
2002-06-26,178,2002,a,Brazil,Turkey,178503484.0,9616.59485486268,25.0,1,0.7588478922846789,0.42759083583839763,0.6065306597126334,1.0,1,0,win,Saitama,Japan
2002-06-26,178,2002,b,Turkey,Brazil,67048795.0,9154.45153457514,11.1,35,0.6446861866358329,0.4179846064735923,0.8622501298738093,0.3356796886579294,0,1,loss,Saitama,Japan
2002-06-29,179,2002,a,South Korea,Turkey,47644736.0,22173.4881729168,11.5,13,0.6048540047003991,0.5905373805561582,0.8824969025845955,0.5207366687435742,2,3,loss,Daegu,South Korea
2002-06-29,179,2002,b,Turkey,South Korea,67048795.0,9154.45153457514,11.1,37,0.6446861866358329,0.4179846064735923,0.8622501298738093,0.32529640685768524,3,2,win,Daegu,South Korea
2002-06-30,180,2002,a,Germany,Brazil,82488495.0,29513.6823267102,9.6,6,0.668847714259756,0.6463133509096883,0.776592510126528,0.6652079661789736,0,2,loss,Yokohama,Japan
2002-06-30,180,2002,b,Brazil,Germany,178503484.0,9616.59485486268,25.0,1,0.7588478922846789,0.42759083583839763,0.6065306597126334,1.0,2,0,win,Yokohama,Japan
2006-06-09,181,2006,a,Germany,Costa Rica,82376451.0,34741.3353426224,9.6,10,0.6686892450329271,0.6781214461472921,0.776592510126528,0.5697596917617653,4,2,win,Munich,Germany
2006-06-09,181,2006,b,Costa Rica,Germany,4321340.0,10799.5114028981,24.8,55,0.3250182367685139,0.4502187680692629,0.6200068879809457,0.2512258200256735,2,4,loss,Munich,Germany
2006-06-09,182,2006,a,Poland,Ecuador,38141267.0,15204.8809890545,8.8,23,0.5789160062032386,0.5169485748186821,0.7261490370736909,0.4141297960952067,0,2,loss,Gelsenkirchen,Germany
2006-06-09,182,2006,b,Ecuador,Poland,14086131.0,7884.51693594496,21.9,57,0.4627817865755194,0.3888559042697354,0.8066410193413683,0.24455186086770164,2,0,win,Gelsenkirchen,Germany
2006-06-10,183,2006,a,Argentina,Ivory Coast,39622115.0,14843.5778659642,14.8,8,0.5833569209915745,0.512257769302081,0.9911505004882849,0.6114542856297229,2,1,win,Hamburg,Germany
2006-06-10,183,2006,b,Ivory Coast,Argentina,20546802.0,2941.82141168912,26.4,22,0.5067955355728182,0.19656110601388574,0.5129102907232946,0.4224356520170568,1,2,loss,Hamburg,Germany
2006-06-10,184,2006,a,England,Paraguay,60846820.0,34727.4366712141,9.3,5,0.6333700101140173,0.6780433983493205,0.7579796312276883,0.6992749298851911,1,0,win,Frankfurt,Germany
2006-06-10,184,2006,b,Paraguay,England,5505148.0,8560.73925135464,23.6,32,0.353246351932865,0.40490574729646933,0.7000922199176511,0.35242380938287154,0,1,loss,Frankfurt,Germany
2006-06-10,185,2006,a,Trinidad and Tobago,Sweden,1297944.0,27393.3505461307,25.8,70,0.18478780792991437,0.6317716248719968,0.5527555015877841,0.2061644505345036,0,0,draw,Dortmund,Germany
2006-06-10,185,2006,b,Sweden,Trinidad and Tobago,9080505.0,37671.6747821444,2.1,24,0.4115924680139955,0.6939162975696002,0.3034148339163076,0.4061774899321221,0,0,draw,Dortmund,Germany
2006-06-11,186,2006,a,Angola,Portugal,20015279.0,6017.8181625251,21.6,69,0.5037398315504137,0.33615791255053606,0.8240037097874371,0.2088530003976058,0,1,loss,Cologne,Germany
2006-06-11,186,2006,b,Portugal,Angola,10522288.0,24677.2834629922,15.2,9,0.4287735890736436,0.6114050053689942,0.9960571761381909,0.5894464086047984,1,0,win,Cologne,Germany
2006-06-11,187,2006,a,Mexico,Iran,107253666.0,14540.4500497636,21.0,14,0.6994565365447754,0.5082333163669286,0.8569968914352789,0.5068895206493126,3,1,win,Nuremberg,Germany
2006-06-11,187,2006,b,Iran,Mexico,73392747.0,15906.858138036,17.3,13,0.6552262819876589,0.5257519535219627,0.9896221268507549,0.5207366687435742,1,3,loss,Nuremberg,Germany
2006-06-11,188,2006,a,Serbia,Netherlands,7411569.0,10463.3370106839,11.4,40,0.38791484451011016,0.4440505977221788,0.8775535639640376,0.31072921551491406,0,1,loss,Leipzig,Germany
2006-06-11,188,2006,b,Netherlands,Serbia,16346101.0,41208.0462204734,10.4,4,0.480129959324807,0.7114172109503174,0.8240037097874372,0.7409695237531486,1,0,win,Leipzig,Germany
2006-06-12,189,2006,a,Australia,Japan,20450966.0,34890.2248136693,21.7,12,0.5062504636039629,0.6789555795370781,0.8182760289835492,0.5356927280555478,3,1,win,Kaiserslautern,Germany
2006-06-12,189,2006,b,Japan,Australia,127854000.0,33631.8076359161,14.6,19,0.7199401795473781,0.6717905131592188,0.9879741303512339,0.44982865656530246,1,3,loss,Kaiserslautern,Germany
2006-06-12,190,2006,a,Italy,Ghana,58399861.0,32453.6488675587,13.5,9,0.6285845251877881,0.6648351321426861,0.962154491713458,0.5894464086047984,2,0,win,Hanover,Germany
2006-06-12,190,2006,b,Ghana,Italy,23040702.0,3103.22625820374,27.2,61,0.520151529470455,0.20697941084401983,0.46101671078353545,0.2318791414780511,0,2,loss,Hanover,Germany
2006-06-12,191,2006,a,United States,Czech Republic,298379912.0,46301.9876485519,8.6,11,0.8187461790663654,0.7341506070130025,0.7131776783554898,0.5519508901404825,0,3,loss,Gelsenkirchen,Germany
2006-06-12,191,2006,b,Czech Republic,United States,10238905.0,23914.1862443811,7.6,6,0.4255906153490261,0.605278221991189,0.6469051754643523,0.6652079661789736,3,0,win,Gelsenkirchen,Germany
2006-06-13,192,2006,a,Brazil,Croatia,186653106.0,11750.5312437668,25.0,4,0.7640528240166246,0.46668055113588025,0.6065306597126334,0.7409695237531486,1,0,win,Berlin,Germany
2006-06-13,192,2006,b,Croatia,Brazil,4311159.0,17628.7006021513,11.9,20,0.32474323296907803,0.545798839222057,0.9014367207433535,0.44024445363833975,0,1,loss,Berlin,Germany
2006-06-13,193,2006,a,France,Switzerland,63622342.0,32423.5225068799,11.7,1,0.6385704430333641,0.6646539848786052,0.8921367932761701,1.0,0,0,draw,Stuttgart,Germany
2006-06-13,193,2006,b,Switzerland,France,7483934.0,46265.6820679271,6.5,29,0.38904766579854716,0.7339976071432377,0.5728686816364933,0.370817434616976,0,0,draw,Stuttgart,Germany
2006-06-13,194,2006,a,South Korea,Togo,48438292.0,27972.3847629351,11.5,25,0.6067798675938747,0.6358515855172219,0.8824969025845955,0.39854985977038226,2,1,win,Frankfurt,Germany
2006-06-13,194,2006,b,Togo,South Korea,6010668.0,1407.06825596295,27.2,87,0.36348888596979473,0.05270736527149522,0.46101671078353545,0.1655406389193752,1,2,loss,Frankfurt,Germany
2006-06-14,195,2006,a,Germany,Poland,82376451.0,34741.3353426224,9.6,10,0.6686892450329271,0.6781214461472921,0.776592510126528,0.5697596917617653,1,0,win,Dortmund,Germany
2006-06-14,195,2006,b,Poland,Germany,38141267.0,15204.8809890545,8.8,28,0.5789160062032386,0.5169485748186821,0.7261490370736909,0.3773742825258869,0,1,loss,Dortmund,Germany
2006-06-14,196,2006,a,Spain,Ukraine,44397319.0,30748.7396326091,13.3,2,0.5966236860968541,0.6543094529369466,0.9559974818331,0.8704847618765743,4,0,win,Leipzig,Germany
2006-06-14,196,2006,b,Ukraine,Spain,47278694.0,7971.1962890625,8.3,38,0.6039548296633872,0.39098851302983656,0.6935113630255842,0.3203134184418768,0,4,loss,Leipzig,Germany
2006-06-14,197,2006,a,Tunisia,Saudi Arabia,10346410.0,8728.65712549855,19.2,24,0.42680836969103464,0.40869460011699915,0.9387464321565271,0.4061774899321221,2,2,draw,Munich,Germany
2006-06-14,197,2006,b,Saudi Arabia,Tunisia,21459144.0,54638.7588925129,26.0,66,0.5118607728501788,0.7664428908482639,0.5394075072376266,0.21715885631945608,2,2,draw,Munich,Germany
2006-06-15,198,2006,a,Ecuador,Costa Rica,14086131.0,7884.51693594496,21.9,50,0.4627817865755194,0.3888559042697354,0.8066410193413683,0.2690346216469566,3,0,win,Hamburg,Germany
2006-06-15,198,2006,b,Costa Rica,Ecuador,4321340.0,10799.5114028981,24.8,57,0.3250182367685139,0.4502187680692629,0.6200068879809457,0.24455186086770164,0,3,loss,Hamburg,Germany
2006-06-15,199,2006,a,England,Trinidad and Tobago,60846820.0,34727.4366712141,9.3,5,0.6333700101140173,0.6780433983493205,0.7579796312276883,0.6992749298851911,2,0,win,Nuremberg,Germany
2006-06-15,199,2006,b,Trinidad and Tobago,England,1297944.0,27393.3505461307,25.8,67,0.18478780792991437,0.6317716248719968,0.5527555015877841,0.21434901401992312,0,2,loss,Nuremberg,Germany
2006-06-15,200,2006,a,Sweden,Paraguay,9080505.0,37671.6747821444,2.1,26,0.4115924680139955,0.6939162975696002,0.3034148339163076,0.39122143062014847,1,0,win,Berlin,Germany
2006-06-15,200,2006,b,Paraguay,Sweden,5505148.0,8560.73925135464,23.6,34,0.353246351932865,0.40490574729646933,0.7000922199176511,0.3410960386713825,0,1,loss,Berlin,Germany
2006-06-16,201,2006,a,Argentina,Serbia,39622115.0,14843.5778659642,14.8,7,0.5833569209915745,0.512257769302081,0.9911505004882849,0.6364047587727383,6,0,win,Gelsenkirchen,Germany
2006-06-16,201,2006,b,Serbia,Argentina,7411569.0,10463.3370106839,11.4,42,0.38791484451011016,0.4440505977221788,0.8775535639640376,0.30161272495171176,0,6,loss,Gelsenkirchen,Germany
2006-06-16,202,2006,a,Mexico,Angola,107253666.0,14540.4500497636,21.0,12,0.6994565365447754,0.5082333163669286,0.8569968914352789,0.5356927280555478,0,0,draw,Hanover,Germany
2006-06-16,202,2006,b,Angola,Mexico,20015279.0,6017.8181625251,21.6,71,0.5037398315504137,0.33615791255053606,0.8240037097874371,0.20351403741849994,0,0,draw,Hanover,Germany
2006-06-16,203,2006,a,Netherlands,Ivory Coast,16346101.0,41208.0462204734,10.4,4,0.480129959324807,0.7114172109503174,0.8240037097874372,0.7409695237531486,2,1,win,Stuttgart,Germany
2006-06-16,203,2006,b,Ivory Coast,Netherlands,20546802.0,2941.82141168912,26.4,24,0.5067955355728182,0.19656110601388574,0.5129102907232946,0.4061774899321221,1,2,loss,Stuttgart,Germany
2006-06-17,204,2006,a,Czech Republic,Ghana,10238905.0,23914.1862443811,7.6,6,0.4255906153490261,0.605278221991189,0.6469051754643523,0.6652079661789736,0,2,loss,Cologne,Germany
2006-06-17,204,2006,b,Ghana,Czech Republic,23040702.0,3103.22625820374,27.2,66,0.520151529470455,0.20697941084401983,0.46101671078353545,0.21715885631945608,2,0,win,Cologne,Germany
2006-06-17,205,2006,a,Italy,United States,58399861.0,32453.6488675587,13.5,8,0.6285845251877881,0.6648351321426861,0.962154491713458,0.6114542856297229,1,1,draw,Kaiserslautern,Germany
2006-06-17,205,2006,b,United States,Italy,298379912.0,46301.9876485519,8.6,12,0.8187461790663654,0.7341506070130025,0.7131776783554898,0.5356927280555478,1,1,draw,Kaiserslautern,Germany
2006-06-17,206,2006,a,Portugal,Iran,10522288.0,24677.2834629922,15.2,10,0.4287735890736436,0.6114050053689942,0.9960571761381909,0.5697596917617653,2,0,win,Frankfurt,Germany
2006-06-17,206,2006,b,Iran,Portugal,73392747.0,15906.858138036,17.3,14,0.6552262819876589,0.5257519535219627,0.9896221268507549,0.5068895206493126,0,2,loss,Frankfurt,Germany
2006-06-18,207,2006,a,Brazil,Australia,186653106.0,11750.5312437668,25.0,4,0.7640528240166246,0.46668055113588025,0.6065306597126334,0.7409695237531486,2,0,win,Munich,Germany
2006-06-18,207,2006,b,Australia,Brazil,20450966.0,34890.2248136693,21.7,11,0.5062504636039629,0.6789555795370781,0.8182760289835492,0.5519508901404825,0,2,loss,Munich,Germany
2006-06-18,208,2006,a,France,South Korea,63622342.0,32423.5225068799,11.7,2,0.6385704430333641,0.6646539848786052,0.8921367932761701,0.8704847618765743,1,1,draw,Leipzig,Germany
2006-06-18,208,2006,b,South Korea,France,48438292.0,27972.3847629351,11.5,23,0.6067798675938747,0.6358515855172219,0.8824969025845955,0.4141297960952067,1,1,draw,Leipzig,Germany
2006-06-18,209,2006,a,Japan,Croatia,127854000.0,33631.8076359161,14.6,22,0.7199401795473781,0.6717905131592188,0.9879741303512339,0.4224356520170568,0,0,draw,Nuremberg,Germany
2006-06-18,209,2006,b,Croatia,Japan,4311159.0,17628.7006021513,11.9,21,0.32474323296907803,0.545798839222057,0.9014367207433535,0.43112796307513745,0,0,draw,Nuremberg,Germany
2006-06-19,210,2006,a,Saudi Arabia,Ukraine,21459144.0,54638.7588925129,26.0,62,0.5118607728501788,0.7664428908482639,0.5394075072376266,0.22884084702662122,0,4,loss,Hamburg,Germany
2006-06-19,210,2006,b,Ukraine,Saudi Arabia,47278694.0,7971.1962890625,8.3,39,0.6039548296633872,0.39098851302983656,0.6935113630255842,0.31545987304597345,4,0,win,Hamburg,Germany
2006-06-19,211,2006,a,Spain,Tunisia,44397319.0,30748.7396326091,13.3,2,0.5966236860968541,0.6543094529369466,0.9559974818331,0.8704847618765743,3,1,win,Stuttgart,Germany
2006-06-19,211,2006,b,Tunisia,Spain,10346410.0,8728.65712549855,19.2,25,0.42680836969103464,0.40869460011699915,0.9387464321565271,0.39854985977038226,1,3,loss,Stuttgart,Germany
2006-06-19,212,2006,a,Togo,Switzerland,6010668.0,1407.06825596295,27.2,91,0.36348888596979473,0.05270736527149522,0.46101671078353545,0.15714142751631255,0,2,loss,Dortmund,Germany
2006-06-19,212,2006,b,Switzerland,Togo,7483934.0,46265.6820679271,6.5,26,0.38904766579854716,0.7339976071432377,0.5728686816364933,0.39122143062014847,2,0,win,Dortmund,Germany
2006-06-20,213,2006,a,Costa Rica,Poland,4321340.0,10799.5114028981,24.8,61,0.3250182367685139,0.4502187680692629,0.6200068879809457,0.2318791414780511,1,2,loss,Hanover,Germany
2006-06-20,213,2006,b,Poland,Costa Rica,38141267.0,15204.8809890545,8.8,30,0.5789160062032386,0.5169485748186821,0.7261490370736909,0.3644828960641646,2,1,win,Hanover,Germany
2006-06-20,214,2006,a,Germany,Ecuador,82376451.0,34741.3353426224,9.6,10,0.6686892450329271,0.6781214461472921,0.776592510126528,0.5697596917617653,3,0,win,Berlin,Germany
2006-06-20,214,2006,b,Ecuador,Germany,14086131.0,7884.51693594496,21.9,46,0.4627817865755194,0.3888559042697354,0.8066410193413683,0.28461455797178103,0,3,loss,Berlin,Germany
2006-06-20,215,2006,a,Paraguay,Trinidad and Tobago,5505148.0,8560.73925135464,23.6,38,0.353246351932865,0.40490574729646933,0.7000922199176511,0.3203134184418768,2,0,win,Kaiserslautern,Germany
2006-06-20,215,2006,b,Trinidad and Tobago,Paraguay,1297944.0,27393.3505461307,25.8,70,0.18478780792991437,0.6317716248719968,0.5527555015877841,0.2061644505345036,0,2,loss,Kaiserslautern,Germany
2006-06-20,216,2006,a,Sweden,England,9080505.0,37671.6747821444,2.1,21,0.4115924680139955,0.6939162975696002,0.3034148339163076,0.43112796307513745,2,2,draw,Cologne,Germany
2006-06-20,216,2006,b,England,Sweden,60846820.0,34727.4366712141,9.3,5,0.6333700101140173,0.6780433983493205,0.7579796312276883,0.6992749298851911,2,2,draw,Cologne,Germany
2006-06-21,217,2006,a,Iran,Angola,73392747.0,15906.858138036,17.3,16,0.6552262819876589,0.5257519535219627,0.9896221268507549,0.48193904750629724,1,1,draw,Leipzig,Germany
2006-06-21,217,2006,b,Angola,Iran,20015279.0,6017.8181625251,21.6,66,0.5037398315504137,0.33615791255053606,0.8240037097874371,0.21715885631945608,1,1,draw,Leipzig,Germany
2006-06-21,218,2006,a,Ivory Coast,Serbia,20546802.0,2941.82141168912,26.4,26,0.5067955355728182,0.19656110601388574,0.5129102907232946,0.39122143062014847,3,2,win,Munich,Germany
2006-06-21,218,2006,b,Serbia,Ivory Coast,7411569.0,10463.3370106839,11.4,43,0.38791484451011016,0.4440505977221788,0.8775535639640376,0.2972160281740057,2,3,loss,Munich,Germany
2006-06-21,219,2006,a,Netherlands,Argentina,16346101.0,41208.0462204734,10.4,3,0.480129959324807,0.7114172109503174,0.8240037097874372,0.7947232043023992,0,0,draw,Frankfurt,Germany
2006-06-21,219,2006,b,Argentina,Netherlands,39622115.0,14843.5778659642,14.8,6,0.5833569209915745,0.512257769302081,0.9911505004882849,0.6652079661789736,0,0,draw,Frankfurt,Germany
2006-06-21,220,2006,a,Portugal,Mexico,10522288.0,24677.2834629922,15.2,7,0.4287735890736436,0.6114050053689942,0.9960571761381909,0.6364047587727383,2,1,win,Gelsenkirchen,Germany
2006-06-21,220,2006,b,Mexico,Portugal,107253666.0,14540.4500497636,21.0,13,0.6994565365447754,0.5082333163669286,0.8569968914352789,0.5207366687435742,1,2,loss,Gelsenkirchen,Germany
2006-06-22,221,2006,a,Croatia,Australia,4311159.0,17628.7006021513,11.9,22,0.32474323296907803,0.545798839222057,0.9014367207433535,0.4224356520170568,2,2,draw,Stuttgart,Germany
2006-06-22,221,2006,b,Australia,Croatia,20450966.0,34890.2248136693,21.7,11,0.5062504636039629,0.6789555795370781,0.8182760289835492,0.5519508901404825,2,2,draw,Stuttgart,Germany
2006-06-22,222,2006,a,Czech Republic,Italy,10238905.0,23914.1862443811,7.6,9,0.4255906153490261,0.605278221991189,0.6469051754643523,0.5894464086047984,0,2,loss,Hamburg,Germany
2006-06-22,222,2006,b,Italy,Czech Republic,58399861.0,32453.6488675587,13.5,10,0.6285845251877881,0.6648351321426861,0.962154491713458,0.5697596917617653,2,0,win,Hamburg,Germany
2006-06-22,223,2006,a,Ghana,United States,23040702.0,3103.22625820374,27.2,56,0.520151529470455,0.20697941084401983,0.46101671078353545,0.2478590444024611,2,1,win,Nuremberg,Germany
2006-06-22,223,2006,b,United States,Ghana,298379912.0,46301.9876485519,8.6,12,0.8187461790663654,0.7341506070130025,0.7131776783554898,0.5356927280555478,1,2,loss,Nuremberg,Germany
2006-06-22,224,2006,a,Japan,Brazil,127854000.0,33631.8076359161,14.6,24,0.7199401795473781,0.6717905131592188,0.9879741303512339,0.4061774899321221,1,4,loss,Dortmund,Germany
2006-06-22,224,2006,b,Brazil,Japan,186653106.0,11750.5312437668,25.0,2,0.7640528240166246,0.46668055113588025,0.6065306597126334,0.8704847618765743,4,1,win,Dortmund,Germany
2006-06-23,225,2006,a,Saudi Arabia,Spain,21459144.0,54638.7588925129,26.0,67,0.5118607728501788,0.7664428908482639,0.5394075072376266,0.21434901401992312,0,1,loss,Kaiserslautern,Germany
2006-06-23,225,2006,b,Spain,Saudi Arabia,44397319.0,30748.7396326091,13.3,2,0.5966236860968541,0.6543094529369466,0.9559974818331,0.8704847618765743,1,0,win,Kaiserslautern,Germany
2006-06-23,226,2006,a,Switzerland,South Korea,7483934.0,46265.6820679271,6.5,24,0.38904766579854716,0.7339976071432377,0.5728686816364933,0.4061774899321221,2,0,win,Hanover,Germany
2006-06-23,226,2006,b,South Korea,Switzerland,48438292.0,27972.3847629351,11.5,21,0.6067798675938747,0.6358515855172219,0.8824969025845955,0.43112796307513745,0,2,loss,Hanover,Germany
2006-06-23,227,2006,a,Togo,France,6010668.0,1407.06825596295,27.2,92,0.36348888596979473,0.05270736527149522,0.46101671078353545,0.15509931984835523,0,2,loss,Cologne,Germany
2006-06-23,227,2006,b,France,Togo,63622342.0,32423.5225068799,11.7,4,0.6385704430333641,0.6646539848786052,0.8921367932761701,0.7409695237531486,2,0,win,Cologne,Germany
2006-06-23,228,2006,a,Ukraine,Tunisia,47278694.0,7971.1962890625,8.3,37,0.6039548296633872,0.39098851302983656,0.6935113630255842,0.32529640685768524,1,0,win,Berlin,Germany
2006-06-23,228,2006,b,Tunisia,Ukraine,10346410.0,8728.65712549855,19.2,29,0.42680836969103464,0.40869460011699915,0.9387464321565271,0.370817434616976,0,1,loss,Berlin,Germany
2006-06-24,229,2006,a,Argentina,Mexico,39622115.0,14843.5778659642,14.8,8,0.5833569209915745,0.512257769302081,0.9911505004882849,0.6114542856297229,2,1,win,Leipzig,Germany
2006-06-24,229,2006,b,Mexico,Argentina,107253666.0,14540.4500497636,21.0,13,0.6994565365447754,0.5082333163669286,0.8569968914352789,0.5207366687435742,1,2,loss,Leipzig,Germany
2006-06-24,230,2006,a,Germany,Sweden,82376451.0,34741.3353426224,9.6,9,0.6686892450329271,0.6781214461472921,0.776592510126528,0.5894464086047984,2,0,win,Munich,Germany
2006-06-24,230,2006,b,Sweden,Germany,9080505.0,37671.6747821444,2.1,21,0.4115924680139955,0.6939162975696002,0.3034148339163076,0.43112796307513745,0,2,loss,Munich,Germany
2006-06-25,231,2006,a,England,Ecuador,60846820.0,34727.4366712141,9.3,5,0.6333700101140173,0.6780433983493205,0.7579796312276883,0.6992749298851911,1,0,win,Stuttgart,Germany
2006-06-25,231,2006,b,Ecuador,England,14086131.0,7884.51693594496,21.9,48,0.4627817865755194,0.3888559042697354,0.8066410193413683,0.2766622518086964,0,1,loss,Stuttgart,Germany
2006-06-25,232,2006,a,Portugal,Netherlands,10522288.0,24677.2834629922,15.2,7,0.4287735890736436,0.6114050053689942,0.9960571761381909,0.6364047587727383,1,0,win,Nuremberg,Germany
2006-06-25,232,2006,b,Netherlands,Portugal,16346101.0,41208.0462204734,10.4,4,0.480129959324807,0.7114172109503174,0.8240037097874372,0.7409695237531486,0,1,loss,Nuremberg,Germany
2006-06-26,233,2006,a,Italy,Australia,58399861.0,32453.6488675587,13.5,9,0.6285845251877881,0.6648351321426861,0.962154491713458,0.5894464086047984,1,0,win,Kaiserslautern,Germany
2006-06-26,233,2006,b,Australia,Italy,20450966.0,34890.2248136693,21.7,11,0.5062504636039629,0.6789555795370781,0.8182760289835492,0.5519508901404825,0,1,loss,Kaiserslautern,Germany
2006-06-26,234,2006,a,Switzerland,Ukraine,7483934.0,46265.6820679271,6.5,19,0.38904766579854716,0.7339976071432377,0.5728686816364933,0.44982865656530246,0,0,draw,Cologne,Germany
2006-06-26,234,2006,b,Ukraine,Switzerland,47278694.0,7971.1962890625,8.3,32,0.6039548296633872,0.39098851302983656,0.6935113630255842,0.35242380938287154,0,0,draw,Cologne,Germany
2006-06-27,235,2006,a,Brazil,Ghana,186653106.0,11750.5312437668,25.0,2,0.7640528240166246,0.46668055113588025,0.6065306597126334,0.8704847618765743,3,0,win,Dortmund,Germany
2006-06-27,235,2006,b,Ghana,Brazil,23040702.0,3103.22625820374,27.2,48,0.520151529470455,0.20697941084401983,0.46101671078353545,0.2766622518086964,0,3,loss,Dortmund,Germany
2006-06-27,236,2006,a,Spain,France,44397319.0,30748.7396326091,13.3,1,0.5966236860968541,0.6543094529369466,0.9559974818331,1.0,1,3,loss,Hanover,Germany
2006-06-27,236,2006,b,France,Spain,63622342.0,32423.5225068799,11.7,3,0.6385704430333641,0.6646539848786052,0.8921367932761701,0.7947232043023992,3,1,win,Hanover,Germany
2006-06-30,237,2006,a,Germany,Argentina,82376451.0,34741.3353426224,9.6,9,0.6686892450329271,0.6781214461472921,0.776592510126528,0.5894464086047984,1,1,draw,Berlin,Germany
2006-06-30,237,2006,b,Argentina,Germany,39622115.0,14843.5778659642,14.8,8,0.5833569209915745,0.512257769302081,0.9911505004882849,0.6114542856297229,1,1,draw,Berlin,Germany
2006-06-30,238,2006,a,Italy,Ukraine,58399861.0,32453.6488675587,13.5,7,0.6285845251877881,0.6648351321426861,0.962154491713458,0.6364047587727383,3,0,win,Hamburg,Germany
2006-06-30,238,2006,b,Ukraine,Italy,47278694.0,7971.1962890625,8.3,31,0.6039548296633872,0.39098851302983656,0.6935113630255842,0.3583560851500469,0,3,loss,Hamburg,Germany
2006-07-01,239,2006,a,Brazil,France,186653106.0,11750.5312437668,25.0,1,0.7640528240166246,0.46668055113588025,0.6065306597126334,1.0,0,1,loss,Frankfurt,Germany
2006-07-01,239,2006,b,France,Brazil,63622342.0,32423.5225068799,11.7,2,0.6385704430333641,0.6646539848786052,0.8921367932761701,0.8704847618765743,1,0,win,Frankfurt,Germany
2006-07-01,240,2006,a,England,Portugal,60846820.0,34727.4366712141,9.3,5,0.6333700101140173,0.6780433983493205,0.7579796312276883,0.6992749298851911,0,0,draw,Gelsenkirchen,Germany
2006-07-01,240,2006,b,Portugal,England,10522288.0,24677.2834629922,15.2,4,0.4287735890736436,0.6114050053689942,0.9960571761381909,0.7409695237531486,0,0,draw,Gelsenkirchen,Germany
2006-07-04,241,2006,a,Germany,Italy,82376451.0,34741.3353426224,9.6,9,0.6686892450329271,0.6781214461472921,0.776592510126528,0.5894464086047984,0,2,loss,Dortmund,Germany
2006-07-04,241,2006,b,Italy,Germany,58399861.0,32453.6488675587,13.5,6,0.6285845251877881,0.6648351321426861,0.962154491713458,0.6652079661789736,2,0,win,Dortmund,Germany
2006-07-05,242,2006,a,Portugal,France,10522288.0,24677.2834629922,15.2,5,0.4287735890736436,0.6114050053689942,0.9960571761381909,0.6992749298851911,0,1,loss,Munich,Germany
2006-07-05,242,2006,b,France,Portugal,63622342.0,32423.5225068799,11.7,1,0.6385704430333641,0.6646539848786052,0.8921367932761701,1.0,1,0,win,Munich,Germany
2006-07-08,243,2006,a,Germany,Portugal,82376451.0,34741.3353426224,9.6,9,0.6686892450329271,0.6781214461472921,0.776592510126528,0.5894464086047984,3,1,win,Stuttgart,Germany
2006-07-08,243,2006,b,Portugal,Germany,10522288.0,24677.2834629922,15.2,7,0.4287735890736436,0.6114050053689942,0.9960571761381909,0.6364047587727383,1,3,loss,Stuttgart,Germany
2006-07-09,244,2006,a,Italy,France,58399861.0,32453.6488675587,13.5,4,0.6285845251877881,0.6648351321426861,0.962154491713458,0.7409695237531486,1,1,draw,Berlin,Germany
2006-07-09,244,2006,b,France,Italy,63622342.0,32423.5225068799,11.7,1,0.6385704430333641,0.6646539848786052,0.8921367932761701,1.0,1,1,draw,Berlin,Germany
2010-06-11,245,2010,a,South Africa,Mexico,52344051.0,12637.2912226018,17.8,42,0.6158210066287764,0.4808711768939648,0.9801986733067553,0.30161272495171176,1,1,draw,Johannesburg,South Africa
2010-06-11,245,2010,b,Mexico,South Africa,113623895.0,15909.1464963628,21.0,10,0.7061833362152811,0.5257800114355238,0.8569968914352789,0.5697596917617653,1,1,draw,Johannesburg,South Africa
2010-06-11,246,2010,a,Uruguay,France,3318580.0,17872.5369682924,17.6,18,0.2942356224256336,0.5484782468983816,0.9843217347761177,0.4599311704813728,0,0,draw,Cape Town,South Africa
2010-06-11,246,2010,b,France,Uruguay,65026211.0,35907.5531031574,11.7,9,0.6411150663948186,0.6845615185870083,0.8921367932761701,0.5894464086047984,0,0,draw,Cape Town,South Africa
2010-06-12,247,2010,a,Argentina,Nigeria,41288694.0,17847.6110373178,14.8,6,0.5881605049263616,0.5482060299306519,0.9911505004882849,0.6652079661789736,1,0,win,Johannesburg,South Africa
2010-06-12,247,2010,b,Nigeria,Argentina,166642886.0,6301.18372544791,26.8,21,0.7508318701850656,0.345132720104559,0.4867522559599716,0.43112796307513745,0,1,loss,Johannesburg,South Africa
2010-06-12,248,2010,a,England,United States,62766365.0,36483.5682802621,9.3,4,0.6369912142292699,0.687665611922759,0.7579796312276883,0.7409695237531486,1,1,draw,Rustenburg,South Africa
2010-06-12,248,2010,b,United States,England,309378227.0,48642.6312088213,8.6,15,0.8229663241078765,0.7437696068177664,0.7131776783554898,0.4939981341875903,1,1,draw,Rustenburg,South Africa
2010-06-12,249,2010,a,South Korea,Greece,49554112.0,33120.351934563,11.5,16,0.6094351156063971,0.6688014975320833,0.8824969025845955,0.48193904750629724,2,0,win,Port Elizabeth,South Africa
2010-06-12,249,2010,b,Greece,South Korea,11121341.0,27838.73639086,15.4,42,0.4352291011177773,0.6349174266521056,0.9977802450856064,0.30161272495171176,0,2,loss,Port Elizabeth,South Africa
2010-06-13,250,2010,a,Algeria,Slovenia,36188236.0,14201.3659906969,22.5,64,0.5727878126412979,0.5036308534166054,0.7704330888993759,0.22290857125944596,0,1,loss,Polokwane,South Africa
2010-06-13,250,2010,b,Slovenia,Algeria,2048583.0,27579.428605763,9.7,65,0.2379947986225518,0.6330920875092358,0.7827045382418681,0.2200115986287654,1,0,win,Polokwane,South Africa
2010-06-13,251,2010,a,Germany,Australia,81776930.0,39726.098692395,9.6,6,0.6678376343692434,0.7042734556431411,0.776592510126528,0.6652079661789736,4,0,win,Durban,South Africa
2010-06-13,251,2010,b,Australia,Germany,22031750.0,39504.361082784,21.7,13,0.5149309769523531,0.7031817003597463,0.8182760289835492,0.5207366687435742,0,4,loss,Durban,South Africa
2010-06-13,252,2010,a,Serbia,Ghana,7291436.0,13320.0282376797,11.4,20,0.3860096010730984,0.4911340927940181,0.8775535639640376,0.44024445363833975,0,1,loss,Pretoria,South Africa
2010-06-13,252,2010,b,Ghana,Serbia,25474995.0,3855.46891716757,27.2,51,0.5318610744888824,0.24931518025958177,0.46101671078353545,0.26533448109720736,1,0,win,Pretoria,South Africa
2010-06-14,253,2010,a,Italy,Paraguay,59819407.0,34974.1045135807,13.5,8,0.6313845808880945,0.6794239382087163,0.962154491713458,0.6114542856297229,1,1,draw,Cape Town,South Africa
2010-06-14,253,2010,b,Paraguay,Italy,5737971.0,10893.3149199478,23.6,31,0.358075669398111,0.4519056421797898,0.7000922199176511,0.3583560851500469,1,1,draw,Cape Town,South Africa
2010-06-14,254,2010,a,Japan,Cameroon,128070000.0,35336.0080490032,14.6,24,0.7201369806064564,0.6814319018800891,0.9879741303512339,0.4061774899321221,1,0,win,Bloemfontein,South Africa
2010-06-14,254,2010,b,Cameroon,Japan,19668066.0,2913.94292755606,24.6,39,0.5016995815840101,0.1947038754180393,0.6334696366573507,0.31545987304597345,0,1,loss,Bloemfontein,South Africa
2010-06-14,255,2010,a,Netherlands,Denmark,16615394.0,45301.269581608,10.4,3,0.4820350358174832,0.7298887871915053,0.8240037097874372,0.7947232043023992,2,0,win,Johannesburg,South Africa
2010-06-14,255,2010,b,Denmark,Netherlands,5547683.0,43037.5989192487,8.3,29,0.3541436973381502,0.7198903188061817,0.6935113630255842,0.370817434616976,0,2,loss,Johannesburg,South Africa
2010-06-15,256,2010,a,Brazil,North Korea,193701929.0,14451.7158388109,25.0,2,0.7683745950420496,0.5070393591359789,0.6065306597126334,0.8704847618765743,2,1,win,Johannesburg,South Africa
2010-06-15,256,2010,b,North Korea,Brazil,24987258.0,1800.0,5.7,93,0.5296072651069793,0.10074407680279424,0.5195061951954717,0.1530792894524461,1,2,loss,Johannesburg,South Africa
2010-06-15,257,2010,a,Ivory Coast,Portugal,22488065.0,3360.54408826055,26.4,21,0.5173210501147235,0.22251724648809024,0.5129102907232946,0.43112796307513745,0,0,draw,Port Elizabeth,South Africa
2010-06-15,257,2010,b,Portugal,Ivory Coast,10573100.0,27292.0819531528,15.2,10,0.4293352370567445,0.6310492201029896,0.9960571761381909,0.5697596917617653,0,0,draw,Port Elizabeth,South Africa
2010-06-15,258,2010,a,New Zealand,Slovakia,4350700.0,31305.3299504124,10.6,88,0.3258076802265134,0.6578085340410728,0.835270211411272,0.1634051757702053,1,1,draw,Rustenburg,South Africa
2010-06-15,258,2010,b,Slovakia,New Zealand,5391428.0,25381.7112298749,8.0,60,0.35081276335272554,0.6168948492567379,0.6736384553447268,0.23496765794073904,1,1,draw,Rustenburg,South Africa
2010-06-16,259,2010,a,Honduras,Chile,8365878.0,3757.5464206245,23.5,49,0.4020359060973395,0.24429722588774497,0.7066482778577162,0.27280951754547655,0,1,loss,Nelspruit,South Africa
2010-06-16,259,2010,b,Chile,Honduras,17181464.0,17917.8951217097,8.5,11,0.4859409169361738,0.5489726323016773,0.7066482778577162,0.5519508901404825,1,0,win,Nelspruit,South Africa
2010-06-16,260,2010,a,South Africa,Uruguay,52344051.0,12637.2912226018,17.8,40,0.6158210066287764,0.4808711768939648,0.9801986733067553,0.31072921551491406,0,3,loss,Pretoria,South Africa
2010-06-16,260,2010,b,Uruguay,South Africa,3318580.0,17872.5369682924,17.6,18,0.2942356224256336,0.5484782468983816,0.9843217347761177,0.4599311704813728,3,0,win,Pretoria,South Africa
2010-06-16,261,2010,a,Spain,Switzerland,46576897.0,31804.6746571689,13.3,1,0.6022112409669969,0.6608951904237896,0.9559974818331,1.0,0,1,loss,Durban,South Africa
2010-06-16,261,2010,b,Switzerland,Spain,7824909.0,54426.2828092789,6.5,34,0.3942420801846609,0.7656829111080452,0.5728686816364933,0.3410960386713825,1,0,win,Durban,South Africa
2010-06-17,262,2010,a,Argentina,South Korea,41288694.0,17847.6110373178,14.8,6,0.5881605049263616,0.5482060299306519,0.9911505004882849,0.6652079661789736,4,1,win,Johannesburg,South Africa
2010-06-17,262,2010,b,South Korea,Argentina,49554112.0,33120.351934563,11.5,15,0.6094351156063971,0.6688014975320833,0.8824969025845955,0.4939981341875903,1,4,loss,Johannesburg,South Africa
2010-06-17,263,2010,a,France,Mexico,65026211.0,35907.5531031574,11.7,9,0.6411150663948186,0.6845615185870083,0.8921367932761701,0.5894464086047984,0,2,loss,Polokwane,South Africa
2010-06-17,263,2010,b,Mexico,France,113623895.0,15909.1464963628,21.0,12,0.7061833362152811,0.5257800114355238,0.8569968914352789,0.5356927280555478,2,0,win,Polokwane,South Africa
2010-06-17,264,2010,a,Greece,Nigeria,11121341.0,27838.73639086,15.4,47,0.4352291011177773,0.6349174266521056,0.9977802450856064,0.2805961021972452,2,1,win,Bloemfontein,South Africa
2010-06-17,264,2010,b,Nigeria,Greece,166642886.0,6301.18372544791,26.8,23,0.7508318701850656,0.345132720104559,0.4867522559599716,0.4141297960952067,1,2,loss,Bloemfontein,South Africa
2010-06-18,265,2010,a,England,Algeria,62766365.0,36483.5682802621,9.3,4,0.6369912142292699,0.687665611922759,0.7579796312276883,0.7409695237531486,0,0,draw,Cape Town,South Africa
2010-06-18,265,2010,b,Algeria,England,36188236.0,14201.3659906969,22.5,69,0.5727878126412979,0.5036308534166054,0.7704330888993759,0.2088530003976058,0,0,draw,Cape Town,South Africa
2010-06-18,266,2010,a,Germany,Serbia,81776930.0,39726.098692395,9.6,6,0.6678376343692434,0.7042734556431411,0.776592510126528,0.6652079661789736,0,1,loss,Port Elizabeth,South Africa
2010-06-18,266,2010,b,Serbia,Germany,7291436.0,13320.0282376797,11.4,23,0.3860096010730984,0.4911340927940181,0.8775535639640376,0.4141297960952067,1,0,win,Port Elizabeth,South Africa
2010-06-18,267,2010,a,Slovenia,United States,2048583.0,27579.428605763,9.7,61,0.2379947986225518,0.6330920875092358,0.7827045382418681,0.2318791414780511,2,2,draw,Johannesburg,South Africa
2010-06-18,267,2010,b,United States,Slovenia,309378227.0,48642.6312088213,8.6,15,0.8229663241078765,0.7437696068177664,0.7131776783554898,0.4939981341875903,2,2,draw,Johannesburg,South Africa
2010-06-19,268,2010,a,Cameroon,Denmark,19668066.0,2913.94292755606,24.6,43,0.5016995815840101,0.1947038754180393,0.6334696366573507,0.2972160281740057,1,2,loss,Pretoria,South Africa
2010-06-19,268,2010,b,Denmark,Cameroon,5547683.0,43037.5989192487,8.3,31,0.3541436973381502,0.7198903188061817,0.6935113630255842,0.3583560851500469,2,1,win,Pretoria,South Africa
2010-06-19,269,2010,a,Ghana,Australia,25474995.0,3855.46891716757,27.2,41,0.5318610744888824,0.24931518025958177,0.46101671078353545,0.30611537636325226,1,1,draw,Rustenburg,South Africa
2010-06-19,269,2010,b,Australia,Ghana,22031750.0,39504.361082784,21.7,14,0.5149309769523531,0.7031817003597463,0.8182760289835492,0.5068895206493126,1,1,draw,Rustenburg,South Africa
2010-06-19,270,2010,a,Netherlands,Japan,16615394.0,45301.269581608,10.4,3,0.4820350358174832,0.7298887871915053,0.8240037097874372,0.7947232043023992,1,0,win,Durban,South Africa
2010-06-19,270,2010,b,Japan,Netherlands,128070000.0,35336.0080490032,14.6,22,0.7201369806064564,0.6814319018800891,0.9879741303512339,0.4224356520170568,0,1,loss,Durban,South Africa
2010-06-20,271,2010,a,Brazil,Ivory Coast,193701929.0,14451.7158388109,25.0,2,0.7683745950420496,0.5070393591359789,0.6065306597126334,0.8704847618765743,3,1,win,Johannesburg,South Africa
2010-06-20,271,2010,b,Ivory Coast,Brazil,22488065.0,3360.54408826055,26.4,21,0.5173210501147235,0.22251724648809024,0.5129102907232946,0.43112796307513745,1,3,loss,Johannesburg,South Africa
2010-06-20,272,2010,a,Italy,New Zealand,59819407.0,34974.1045135807,13.5,8,0.6313845808880945,0.6794239382087163,0.962154491713458,0.6114542856297229,1,1,draw,Nelspruit,South Africa
2010-06-20,272,2010,b,New Zealand,Italy,4350700.0,31305.3299504124,10.6,86,0.3258076802265134,0.6578085340410728,0.835270211411272,0.16770079005058014,1,1,draw,Nelspruit,South Africa
2010-06-20,273,2010,a,Slovakia,Paraguay,5391428.0,25381.7112298749,8.0,62,0.35081276335272554,0.6168948492567379,0.6736384553447268,0.22884084702662122,0,2,loss,Bloemfontein,South Africa
2010-06-20,273,2010,b,Paraguay,Slovakia,5737971.0,10893.3149199478,23.6,32,0.358075669398111,0.4519056421797898,0.7000922199176511,0.35242380938287154,2,0,win,Bloemfontein,South Africa
2010-06-21,274,2010,a,Chile,Switzerland,17181464.0,17917.8951217097,8.5,10,0.4859409169361738,0.5489726323016773,0.7066482778577162,0.5697596917617653,1,0,win,Port Elizabeth,South Africa
2010-06-21,274,2010,b,Switzerland,Chile,7824909.0,54426.2828092789,6.5,27,0.3942420801846609,0.7656829111080452,0.5728686816364933,0.38416961290719753,0,1,loss,Port Elizabeth,South Africa
2010-06-21,275,2010,a,Portugal,North Korea,10573100.0,27292.0819531528,15.2,11,0.4293352370567445,0.6310492201029896,0.9960571761381909,0.5519508901404825,7,0,win,Cape Town,South Africa
2010-06-21,275,2010,b,North Korea,Portugal,24987258.0,1800.0,5.7,95,0.5296072651069793,0.10074407680279424,0.5195061951954717,0.1491035864504936,0,7,loss,Cape Town,South Africa
2010-06-21,276,2010,a,Spain,Honduras,46576897.0,31804.6746571689,13.3,1,0.6022112409669969,0.6608951904237896,0.9559974818331,1.0,2,0,win,Johannesburg,South Africa
2010-06-21,276,2010,b,Honduras,Spain,8365878.0,3757.5464206245,23.5,52,0.4020359060973395,0.24429722588774497,0.7066482778577162,0.2617061924967228,0,2,loss,Johannesburg,South Africa
2010-06-22,277,2010,a,Greece,Argentina,11121341.0,27838.73639086,15.4,38,0.4352291011177773,0.6349174266521056,0.9977802450856064,0.3203134184418768,0,2,loss,Polokwane,South Africa
2010-06-22,277,2010,b,Argentina,Greece,41288694.0,17847.6110373178,14.8,5,0.5881605049263616,0.5482060299306519,0.9911505004882849,0.6992749298851911,2,0,win,Polokwane,South Africa
2010-06-22,278,2010,a,Mexico,Uruguay,113623895.0,15909.1464963628,21.0,10,0.7061833362152811,0.5257800114355238,0.8569968914352789,0.5697596917617653,0,1,loss,Rustenburg,South Africa
2010-06-22,278,2010,b,Uruguay,Mexico,3318580.0,17872.5369682924,17.6,15,0.2942356224256336,0.5484782468983816,0.9843217347761177,0.4939981341875903,1,0,win,Rustenburg,South Africa
2010-06-22,279,2010,a,Nigeria,South Korea,166642886.0,6301.18372544791,26.8,30,0.7508318701850656,0.345132720104559,0.4867522559599716,0.3644828960641646,2,2,draw,Durban,South Africa
2010-06-22,279,2010,b,South Korea,Nigeria,49554112.0,33120.351934563,11.5,17,0.6094351156063971,0.6688014975320833,0.8824969025845955,0.4706112767948082,2,2,draw,Durban,South Africa
2010-06-22,280,2010,a,South Africa,France,52344051.0,12637.2912226018,17.8,45,0.6158210066287764,0.4808711768939648,0.9801986733067553,0.2887213384899895,2,1,win,Bloemfontein,South Africa
2010-06-22,280,2010,b,France,South Africa,65026211.0,35907.5531031574,11.7,12,0.6411150663948186,0.6845615185870083,0.8921367932761701,0.5356927280555478,1,2,loss,Bloemfontein,South Africa
2010-06-23,281,2010,a,Australia,Serbia,22031750.0,39504.361082784,21.7,15,0.5149309769523531,0.7031817003597463,0.8182760289835492,0.4939981341875903,2,1,win,Nelspruit,South Africa
2010-06-23,281,2010,b,Serbia,Australia,7291436.0,13320.0282376797,11.4,19,0.3860096010730984,0.4911340927940181,0.8775535639640376,0.44982865656530246,1,2,loss,Nelspruit,South Africa
2010-06-23,282,2010,a,Ghana,Germany,25474995.0,3855.46891716757,27.2,41,0.5318610744888824,0.24931518025958177,0.46101671078353545,0.30611537636325226,0,1,loss,Johannesburg,South Africa
2010-06-23,282,2010,b,Germany,Ghana,81776930.0,39726.098692395,9.6,6,0.6678376343692434,0.7042734556431411,0.776592510126528,0.6652079661789736,1,0,win,Johannesburg,South Africa
2010-06-23,283,2010,a,Slovenia,England,2048583.0,27579.428605763,9.7,60,0.2379947986225518,0.6330920875092358,0.7827045382418681,0.23496765794073904,0,1,loss,Port Elizabeth,South Africa
2010-06-23,283,2010,b,England,Slovenia,62766365.0,36483.5682802621,9.3,4,0.6369912142292699,0.687665611922759,0.7579796312276883,0.7409695237531486,1,0,win,Port Elizabeth,South Africa
2010-06-23,284,2010,a,United States,Algeria,309378227.0,48642.6312088213,8.6,16,0.8229663241078765,0.7437696068177664,0.7131776783554898,0.48193904750629724,1,0,win,Pretoria,South Africa
2010-06-23,284,2010,b,Algeria,United States,36188236.0,14201.3659906969,22.5,65,0.5727878126412979,0.5036308534166054,0.7704330888993759,0.2200115986287654,0,1,loss,Pretoria,South Africa
2010-06-24,285,2010,a,Cameroon,Netherlands,19668066.0,2913.94292755606,24.6,52,0.5016995815840101,0.1947038754180393,0.6334696366573507,0.2617061924967228,1,2,loss,Cape Town,South Africa
2010-06-24,285,2010,b,Netherlands,Cameroon,16615394.0,45301.269581608,10.4,3,0.4820350358174832,0.7298887871915053,0.8240037097874372,0.7947232043023992,2,1,win,Cape Town,South Africa
2010-06-24,286,2010,a,Denmark,Japan,5547683.0,43037.5989192487,8.3,27,0.3541436973381502,0.7198903188061817,0.6935113630255842,0.38416961290719753,1,3,loss,Rustenburg,South Africa
2010-06-24,286,2010,b,Japan,Denmark,128070000.0,35336.0080490032,14.6,23,0.7201369806064564,0.6814319018800891,0.9879741303512339,0.4141297960952067,3,1,win,Rustenburg,South Africa
2010-06-24,287,2010,a,Paraguay,New Zealand,5737971.0,10893.3149199478,23.6,29,0.358075669398111,0.4519056421797898,0.7000922199176511,0.370817434616976,0,0,draw,Polokwane,South Africa
2010-06-24,287,2010,b,New Zealand,Paraguay,4350700.0,31305.3299504124,10.6,80,0.3258076802265134,0.6578085340410728,0.835270211411272,0.18121397739148848,0,0,draw,Polokwane,South Africa
2010-06-24,288,2010,a,Slovakia,Italy,5391428.0,25381.7112298749,8.0,64,0.35081276335272554,0.6168948492567379,0.6736384553447268,0.22290857125944596,3,2,win,Johannesburg,South Africa
2010-06-24,288,2010,b,Italy,Slovakia,59819407.0,34974.1045135807,13.5,9,0.6313845808880945,0.6794239382087163,0.962154491713458,0.5894464086047984,2,3,loss,Johannesburg,South Africa
2010-06-25,289,2010,a,Chile,Spain,17181464.0,17917.8951217097,8.5,8,0.4859409169361738,0.5489726323016773,0.7066482778577162,0.6114542856297229,1,2,loss,Pretoria,South Africa
2010-06-25,289,2010,b,Spain,Chile,46576897.0,31804.6746571689,13.3,1,0.6022112409669969,0.6608951904237896,0.9559974818331,1.0,2,1,win,Pretoria,South Africa
2010-06-25,290,2010,a,North Korea,Ivory Coast,24987258.0,1800.0,5.7,97,0.5296072651069793,0.10074407680279424,0.5195061951954717,0.14521071665027896,0,3,loss,Nelspruit,South Africa
2010-06-25,290,2010,b,Ivory Coast,North Korea,22488065.0,3360.54408826055,26.4,23,0.5173210501147235,0.22251724648809024,0.5129102907232946,0.4141297960952067,3,0,win,Nelspruit,South Africa
2010-06-25,291,2010,a,Portugal,Brazil,10573100.0,27292.0819531528,15.2,9,0.4293352370567445,0.6310492201029896,0.9960571761381909,0.5894464086047984,0,0,draw,Durban,South Africa
2010-06-25,291,2010,b,Brazil,Portugal,193701929.0,14451.7158388109,25.0,2,0.7683745950420496,0.5070393591359789,0.6065306597126334,0.8704847618765743,0,0,draw,Durban,South Africa
2010-06-25,292,2010,a,Switzerland,Honduras,7824909.0,54426.2828092789,6.5,31,0.3942420801846609,0.7656829111080452,0.5728686816364933,0.3583560851500469,0,0,draw,Bloemfontein,South Africa
2010-06-25,292,2010,b,Honduras,Switzerland,8365878.0,3757.5464206245,23.5,53,0.4020359060973395,0.24429722588774497,0.7066482778577162,0.2581470183752065,0,0,draw,Bloemfontein,South Africa
2010-06-26,293,2010,a,Uruguay,South Korea,3318580.0,17872.5369682924,17.6,13,0.2942356224256336,0.5484782468983816,0.9843217347761177,0.5207366687435742,2,1,win,Port Elizabeth,South Africa
2010-06-26,293,2010,b,South Korea,Uruguay,49554112.0,33120.351934563,11.5,17,0.6094351156063971,0.6688014975320833,0.8824969025845955,0.4706112767948082,1,2,loss,Port Elizabeth,South Africa
2010-06-26,294,2010,a,United States,Ghana,309378227.0,48642.6312088213,8.6,16,0.8229663241078765,0.7437696068177664,0.7131776783554898,0.48193904750629724,1,2,loss,Rustenburg,South Africa
2010-06-26,294,2010,b,Ghana,United States,25474995.0,3855.46891716757,27.2,42,0.5318610744888824,0.24931518025958177,0.46101671078353545,0.30161272495171176,2,1,win,Rustenburg,South Africa
2010-06-27,295,2010,a,Argentina,Mexico,41288694.0,17847.6110373178,14.8,5,0.5881605049263616,0.5482060299306519,0.9911505004882849,0.6992749298851911,3,1,win,Johannesburg,South Africa
2010-06-27,295,2010,b,Mexico,Argentina,113623895.0,15909.1464963628,21.0,11,0.7061833362152811,0.5257800114355238,0.8569968914352789,0.5519508901404825,1,3,loss,Johannesburg,South Africa
2010-06-27,296,2010,a,Germany,England,81776930.0,39726.098692395,9.6,6,0.6678376343692434,0.7042734556431411,0.776592510126528,0.6652079661789736,4,1,win,Bloemfontein,South Africa
2010-06-27,296,2010,b,England,Germany,62766365.0,36483.5682802621,9.3,4,0.6369912142292699,0.687665611922759,0.7579796312276883,0.7409695237531486,1,4,loss,Bloemfontein,South Africa
2010-06-28,297,2010,a,Brazil,Chile,193701929.0,14451.7158388109,25.0,2,0.7683745950420496,0.5070393591359789,0.6065306597126334,0.8704847618765743,3,0,win,Johannesburg,South Africa
2010-06-28,297,2010,b,Chile,Brazil,17181464.0,17917.8951217097,8.5,8,0.4859409169361738,0.5489726323016773,0.7066482778577162,0.6114542856297229,0,3,loss,Johannesburg,South Africa
2010-06-28,298,2010,a,Netherlands,Slovakia,16615394.0,45301.269581608,10.4,3,0.4820350358174832,0.7298887871915053,0.8240037097874372,0.7947232043023992,2,1,win,Durban,South Africa
2010-06-28,298,2010,b,Slovakia,Netherlands,5391428.0,25381.7112298749,8.0,57,0.35081276335272554,0.6168948492567379,0.6736384553447268,0.24455186086770164,1,2,loss,Durban,South Africa
2010-06-29,299,2010,a,Paraguay,Japan,5737971.0,10893.3149199478,23.6,30,0.358075669398111,0.4519056421797898,0.7000922199176511,0.3644828960641646,0,0,draw,Pretoria,South Africa
2010-06-29,299,2010,b,Japan,Paraguay,128070000.0,35336.0080490032,14.6,20,0.7201369806064564,0.6814319018800891,0.9879741303512339,0.44024445363833975,0,0,draw,Pretoria,South Africa
2010-06-29,300,2010,a,Spain,Portugal,46576897.0,31804.6746571689,13.3,1,0.6022112409669969,0.6608951904237896,0.9559974818331,1.0,1,0,win,Cape Town,South Africa
2010-06-29,300,2010,b,Portugal,Spain,10573100.0,27292.0819531528,15.2,8,0.4293352370567445,0.6310492201029896,0.9960571761381909,0.6114542856297229,0,1,loss,Cape Town,South Africa
2010-07-02,301,2010,a,Netherlands,Brazil,16615394.0,45301.269581608,10.4,3,0.4820350358174832,0.7298887871915053,0.8240037097874372,0.7947232043023992,2,1,win,Port Elizabeth,South Africa
2010-07-02,301,2010,b,Brazil,Netherlands,193701929.0,14451.7158388109,25.0,2,0.7683745950420496,0.5070393591359789,0.6065306597126334,0.8704847618765743,1,2,loss,Port Elizabeth,South Africa
2010-07-02,302,2010,a,Uruguay,Ghana,3318580.0,17872.5369682924,17.6,10,0.2942356224256336,0.5484782468983816,0.9843217347761177,0.5697596917617653,1,1,draw,Johannesburg,South Africa
2010-07-02,302,2010,b,Ghana,Uruguay,25474995.0,3855.46891716757,27.2,36,0.5318610744888824,0.24931518025958177,0.46101671078353545,0.3304159323579471,1,1,draw,Johannesburg,South Africa
2010-07-03,303,2010,a,Argentina,Germany,41288694.0,17847.6110373178,14.8,4,0.5881605049263616,0.5482060299306519,0.9911505004882849,0.7409695237531486,0,4,loss,Cape Town,South Africa
2010-07-03,303,2010,b,Germany,Argentina,81776930.0,39726.098692395,9.6,5,0.6678376343692434,0.7042734556431411,0.776592510126528,0.6992749298851911,4,0,win,Cape Town,South Africa
2010-07-03,304,2010,a,Paraguay,Spain,5737971.0,10893.3149199478,23.6,29,0.358075669398111,0.4519056421797898,0.7000922199176511,0.370817434616976,0,1,loss,Johannesburg,South Africa
2010-07-03,304,2010,b,Spain,Paraguay,46576897.0,31804.6746571689,13.3,1,0.6022112409669969,0.6608951904237896,0.9559974818331,1.0,1,0,win,Johannesburg,South Africa
2010-07-06,305,2010,a,Uruguay,Netherlands,3318580.0,17872.5369682924,17.6,10,0.2942356224256336,0.5484782468983816,0.9843217347761177,0.5697596917617653,2,3,loss,Cape Town,South Africa
2010-07-06,305,2010,b,Netherlands,Uruguay,16615394.0,45301.269581608,10.4,3,0.4820350358174832,0.7298887871915053,0.8240037097874372,0.7947232043023992,3,2,win,Cape Town,South Africa
2010-07-07,306,2010,a,Germany,Spain,81776930.0,39726.098692395,9.6,4,0.6678376343692434,0.7042734556431411,0.776592510126528,0.7409695237531486,0,1,loss,Durban,South Africa
2010-07-07,306,2010,b,Spain,Germany,46576897.0,31804.6746571689,13.3,1,0.6022112409669969,0.6608951904237896,0.9559974818331,1.0,1,0,win,Durban,South Africa
2010-07-10,307,2010,a,Uruguay,Germany,3318580.0,17872.5369682924,17.6,12,0.2942356224256336,0.5484782468983816,0.9843217347761177,0.5356927280555478,2,3,loss,Port Elizabeth,South Africa
2010-07-10,307,2010,b,Germany,Uruguay,81776930.0,39726.098692395,9.6,4,0.6678376343692434,0.7042734556431411,0.776592510126528,0.7409695237531486,3,2,win,Port Elizabeth,South Africa
2010-07-11,308,2010,a,Netherlands,Spain,16615394.0,45301.269581608,10.4,2,0.4820350358174832,0.7298887871915053,0.8240037097874372,0.8704847618765743,0,1,loss,Johannesburg,South Africa
2010-07-11,308,2010,b,Spain,Netherlands,46576897.0,31804.6746571689,13.3,1,0.6022112409669969,0.6608951904237896,0.9559974818331,1.0,1,0,win,Johannesburg,South Africa
2014-06-12,309,2014,a,Brazil,Croatia,200085127.0,15827.3081625749,25.0,1,0.7721546621821516,0.5247740616202564,0.6065306597126334,1.0,3,1,win,São Paulo,Brazil
2014-06-12,309,2014,b,Croatia,Brazil,4201598.0,22706.1799469484,11.9,18,0.32174203721081696,0.5951678362463477,0.9014367207433535,0.4599311704813728,1,3,loss,São Paulo,Brazil
2014-06-13,310,2014,a,Chile,Australia,17864195.0,22553.6161787372,8.5,11,0.49048404452411987,0.5938528614113928,0.7066482778577162,0.5519508901404825,3,1,win,Cuiabá,Brazil
2014-06-13,310,2014,b,Australia,Chile,23475686.0,47108.5906459966,21.7,29,0.5223320719397946,0.7375192233345459,0.8182760289835492,0.370817434616976,1,3,loss,Cuiabá,Brazil
2014-06-13,311,2014,a,Mexico,Cameroon,119784261.0,18820.7991098584,21.0,21,0.7123390150466901,0.5585618305763711,0.8569968914352789,0.43112796307513745,1,0,win,Natal,Brazil
2014-06-13,311,2014,b,Cameroon,Mexico,22059893.0,3422.26128158344,24.6,53,0.5150798097890271,0.22606689851763986,0.6334696366573507,0.2581470183752065,0,1,loss,Natal,Brazil
2014-06-13,312,2014,a,Spain,Netherlands,46460733.0,33760.9555646369,13.3,2,0.6019201037428138,0.6725380828698713,0.9559974818331,0.8704847618765743,1,5,loss,Salvador,Brazil
2014-06-13,312,2014,b,Netherlands,Spain,16865008.0,49751.3092860822,10.4,6,0.48377352068496027,0.7481653516096424,0.8240037097874372,0.6652079661789736,5,1,win,Salvador,Brazil
2014-06-14,313,2014,a,Colombia,Greece,46565429.0,13355.3624162195,24.8,12,0.6021825314954018,0.4916508201428578,0.6200068879809457,0.5356927280555478,3,0,win,Belo Horizonte,Brazil
2014-06-14,313,2014,b,Greece,Colombia,10892413.0,26450.181326726,15.4,20,0.4328041384695464,0.6249375853192393,0.9977802450856064,0.44024445363833975,0,3,loss,Belo Horizonte,Brazil
2014-06-14,314,2014,a,England,Italy,64620000.0,41266.8197795309,9.3,6,0.6403844694292071,0.7116952062343312,0.7579796312276883,0.6652079661789736,1,2,loss,Manaus,Brazil
2014-06-14,314,2014,b,Italy,England,60320707.0,36665.68576775,13.5,15,0.6323575449011793,0.6886368364218327,0.962154491713458,0.4939981341875903,2,1,win,Manaus,Brazil
2014-06-14,315,2014,a,Ivory Coast,Japan,24527395.0,4074.21445539789,26.4,23,0.5274415974650934,0.26007910215768504,0.5129102907232946,0.4141297960952067,2,1,win,Recife,Brazil
2014-06-14,315,2014,b,Japan,Ivory Coast,127276000.0,39555.4120089198,14.6,13,0.7194119147824656,0.7034335985835598,0.9879741303512339,0.5207366687435742,1,2,loss,Recife,Brazil
2014-06-14,316,2014,a,Uruguay,Costa Rica,3356334.0,21867.8112276315,17.6,9,0.2955545061842169,0.5878297680099359,0.9843217347761177,0.5894464086047984,1,3,loss,Fortaleza,Brazil
2014-06-14,316,2014,b,Costa Rica,Uruguay,4767119.0,16393.8095428323,24.8,52,0.33646446980162076,0.531633398128091,0.6200068879809457,0.2617061924967228,3,1,win,Fortaleza,Brazil
2014-06-15,317,2014,a,Argentina,Bosnia and Herzegovina,43024071.0,19487.4181748868,14.8,4,0.5929605623964699,0.5653508431557093,0.9911505004882849,0.7409695237531486,2,1,win,Rio de Janeiro,Brazil
2014-06-15,317,2014,b,Bosnia and Herzegovina,Argentina,3564829.0,11167.8379494776,10.9,29,0.30258090150763023,0.4567602033737907,0.851670507229441,0.370817434616976,1,2,loss,Rio de Janeiro,Brazil
2014-06-15,318,2014,a,France,Honduras,66312067.0,40218.1258637776,11.7,8,0.6433980326195498,0.7066744130693491,0.8921367932761701,0.6114542856297229,3,0,win,Porto Alegre,Brazil
2014-06-15,318,2014,b,Honduras,France,9063122.0,4460.05742833175,23.5,55,0.4113690668940279,0.2777279870523888,0.7066482778577162,0.2512258200256735,0,3,loss,Porto Alegre,Brazil
2014-06-15,319,2014,a,Switzerland,Ecuador,8188649.0,63417.0438110319,6.5,15,0.39953947723321254,0.7955032945282753,0.5728686816364933,0.4939981341875903,2,1,win,Brasília,Brazil
2014-06-15,319,2014,b,Ecuador,Switzerland,16035124.0,11835.6091276538,21.9,22,0.4778905527994508,0.46808769553758395,0.8066410193413683,0.4224356520170568,1,2,loss,Brasília,Brazil
2014-06-16,320,2014,a,Germany,Portugal,80982500.0,47938.7968210418,9.6,3,0.6666994895739902,0.7409267071639514,0.776592510126528,0.7947232043023992,4,0,win,Salvador,Brazil
2014-06-16,320,2014,b,Portugal,Germany,10401062.0,28764.5254955042,15.2,6,0.4274225932484136,0.6412983910296318,0.9960571761381909,0.6652079661789736,0,4,loss,Salvador,Brazil
2014-06-16,321,2014,a,Ghana,United States,28041592.0,5517.13178763566,27.2,37,0.5430525452713799,0.31921453400678157,0.46101671078353545,0.32529640685768524,1,2,loss,Natal,Brazil
2014-06-16,321,2014,b,United States,Ghana,319257560.0,55153.3940182967,8.6,11,0.826631112243845,0.7682714469430789,0.7131776783554898,0.5519508901404825,2,1,win,Natal,Brazil
2014-06-16,322,2014,a,Iran,Nigeria,81502045.0,16065.158186028,17.3,27,0.6674450746099564,0.5276834394683693,0.9896221268507549,0.38416961290719753,0,0,draw,Curitiba,Brazil
2014-06-16,322,2014,b,Nigeria,Iran,185896915.0,7396.12835532947,26.8,29,0.7635795288162461,0.3763835414674262,0.4867522559599716,0.370817434616976,0,0,draw,Curitiba,Brazil
2014-06-17,323,2014,a,Belgium,Algeria,11209057.0,45147.6429534057,10.7,21,0.43614504566360324,0.7292262037934082,0.8408053791958005,0.43112796307513745,2,1,win,Belo Horizonte,Brazil
2014-06-17,323,2014,b,Algeria,Belgium,39205031.0,14694.143827383,22.5,47,0.582123144838066,0.5102841961524675,0.7704330888993759,0.2805961021972452,1,2,loss,Belo Horizonte,Brazil
2014-06-17,324,2014,a,Brazil,Mexico,200085127.0,15827.3081625749,25.0,1,0.7721546621821516,0.5247740616202564,0.6065306597126334,1.0,0,0,draw,Fortaleza,Brazil
2014-06-17,324,2014,b,Mexico,Brazil,119784261.0,18820.7991098584,21.0,19,0.7123390150466901,0.5585618305763711,0.8569968914352789,0.44982865656530246,0,0,draw,Fortaleza,Brazil
2014-06-17,325,2014,a,Russia,South Korea,144237223.0,25688.2265625,-5.1,16,0.7339972582149379,0.6192362139928509,0.0640424024615019,0.48193904750629724,1,1,draw,Cuiabá,Brazil
2014-06-17,325,2014,b,South Korea,Russia,50746659.0,37032.1724172561,11.5,37,0.6122076458403084,0.6905767565769158,0.8824969025845955,0.32529640685768524,1,1,draw,Cuiabá,Brazil
2014-06-18,326,2014,a,Australia,Netherlands,23475686.0,47108.5906459966,21.7,34,0.5223320719397946,0.7375192233345459,0.8182760289835492,0.3410960386713825,2,3,loss,Curitiba,Brazil
2014-06-18,326,2014,b,Netherlands,Australia,16865008.0,49751.3092860822,10.4,5,0.48377352068496027,0.7481653516096424,0.8240037097874372,0.6992749298851911,3,2,win,Curitiba,Brazil
2014-06-18,327,2014,a,Cameroon,Croatia,22059893.0,3422.26128158344,24.6,55,0.5150798097890271,0.22606689851763986,0.6334696366573507,0.2512258200256735,0,4,loss,Manaus,Brazil
2014-06-18,327,2014,b,Croatia,Cameroon,4201598.0,22706.1799469484,11.9,20,0.32174203721081696,0.5951678362463477,0.9014367207433535,0.44024445363833975,4,0,win,Manaus,Brazil
2014-06-18,328,2014,a,Spain,Chile,46460733.0,33760.9555646369,13.3,2,0.6019201037428138,0.6725380828698713,0.9559974818331,0.8704847618765743,0,2,loss,Rio de Janeiro,Brazil
2014-06-18,328,2014,b,Chile,Spain,17864195.0,22553.6161787372,8.5,11,0.49048404452411987,0.5938528614113928,0.7066482778577162,0.5519508901404825,2,0,win,Rio de Janeiro,Brazil
2014-06-19,329,2014,a,Colombia,Ivory Coast,46565429.0,13355.3624162195,24.8,11,0.6021825314954018,0.4916508201428578,0.6200068879809457,0.5519508901404825,2,1,win,Brasília,Brazil
2014-06-19,329,2014,b,Ivory Coast,Colombia,24527395.0,4074.21445539789,26.4,21,0.5274415974650934,0.26007910215768504,0.5129102907232946,0.43112796307513745,1,2,loss,Brasília,Brazil
2014-06-19,330,2014,a,Japan,Greece,127276000.0,39555.4120089198,14.6,20,0.7194119147824656,0.7034335985835598,0.9879741303512339,0.44024445363833975,0,0,draw,Natal,Brazil
2014-06-19,330,2014,b,Greece,Japan,10892413.0,26450.181326726,15.4,22,0.4328041384695464,0.6249375853192393,0.9977802450856064,0.4224356520170568,0,0,draw,Natal,Brazil
2014-06-19,331,2014,a,Uruguay,England,3356334.0,21867.8112276315,17.6,12,0.2955545061842169,0.5878297680099359,0.9843217347761177,0.5356927280555478,2,1,win,São Paulo,Brazil
2014-06-19,331,2014,b,England,Uruguay,64620000.0,41266.8197795309,9.3,7,0.6403844694292071,0.7116952062343312,0.7579796312276883,0.6364047587727383,1,2,loss,São Paulo,Brazil
2014-06-20,332,2014,a,Honduras,Ecuador,9063122.0,4460.05742833175,23.5,59,0.4113690668940279,0.2777279870523888,0.7066482778577162,0.23810808466678612,1,2,loss,Curitiba,Brazil
2014-06-20,332,2014,b,Ecuador,Honduras,16035124.0,11835.6091276538,21.9,23,0.4778905527994508,0.46808769553758395,0.8066410193413683,0.4141297960952067,2,1,win,Curitiba,Brazil
2014-06-20,333,2014,a,Italy,Costa Rica,60320707.0,36665.68576775,13.5,13,0.6323575449011793,0.6886368364218327,0.962154491713458,0.5207366687435742,0,1,loss,Recife,Brazil
2014-06-20,333,2014,b,Costa Rica,Italy,4767119.0,16393.8095428323,24.8,43,0.33646446980162076,0.531633398128091,0.6200068879809457,0.2972160281740057,1,0,win,Recife,Brazil
2014-06-20,334,2014,a,Switzerland,France,8188649.0,63417.0438110319,6.5,14,0.39953947723321254,0.7955032945282753,0.5728686816364933,0.5068895206493126,2,5,loss,Salvador,Brazil
2014-06-20,334,2014,b,France,Switzerland,66312067.0,40218.1258637776,11.7,8,0.6433980326195498,0.7066744130693491,0.8921367932761701,0.6114542856297229,5,2,win,Salvador,Brazil
2014-06-21,335,2014,a,Argentina,Iran,43024071.0,19487.4181748868,14.8,4,0.5929605623964699,0.5653508431557093,0.9911505004882849,0.7409695237531486,1,0,win,Belo Horizonte,Brazil
2014-06-21,335,2014,b,Iran,Argentina,81502045.0,16065.158186028,17.3,27,0.6674450746099564,0.5276834394683693,0.9896221268507549,0.38416961290719753,0,1,loss,Belo Horizonte,Brazil
2014-06-21,336,2014,a,Germany,Ghana,80982500.0,47938.7968210418,9.6,3,0.6666994895739902,0.7409267071639514,0.776592510126528,0.7947232043023992,2,2,draw,Fortaleza,Brazil
2014-06-21,336,2014,b,Ghana,Germany,28041592.0,5517.13178763566,27.2,41,0.5430525452713799,0.31921453400678157,0.46101671078353545,0.30611537636325226,2,2,draw,Fortaleza,Brazil
2014-06-21,337,2014,a,Nigeria,Bosnia and Herzegovina,185896915.0,7396.12835532947,26.8,29,0.7635795288162461,0.3763835414674262,0.4867522559599716,0.370817434616976,1,0,win,Cuiabá,Brazil
2014-06-21,337,2014,b,Bosnia and Herzegovina,Nigeria,3564829.0,11167.8379494776,10.9,33,0.30258090150763023,0.4567602033737907,0.851670507229441,0.34667409444288166,0,1,loss,Cuiabá,Brazil
2014-06-22,338,2014,a,Belgium,Russia,11209057.0,45147.6429534057,10.7,18,0.43614504566360324,0.7292262037934082,0.8408053791958005,0.4599311704813728,1,0,win,Rio de Janeiro,Brazil
2014-06-22,338,2014,b,Russia,Belgium,144237223.0,25688.2265625,-5.1,19,0.7339972582149379,0.6192362139928509,0.0640424024615019,0.44982865656530246,0,1,loss,Rio de Janeiro,Brazil
2014-06-22,339,2014,a,South Korea,Algeria,50746659.0,37032.1724172561,11.5,34,0.6122076458403084,0.6905767565769158,0.8824969025845955,0.3410960386713825,2,4,loss,Porto Alegre,Brazil
2014-06-22,339,2014,b,Algeria,South Korea,39205031.0,14694.143827383,22.5,52,0.582123144838066,0.5102841961524675,0.7704330888993759,0.2617061924967228,4,2,win,Porto Alegre,Brazil
2014-06-22,340,2014,a,United States,Portugal,319257560.0,55153.3940182967,8.6,10,0.826631112243845,0.7682714469430789,0.7131776783554898,0.5697596917617653,2,2,draw,Manaus,Brazil
2014-06-22,340,2014,b,Portugal,United States,10401062.0,28764.5254955042,15.2,9,0.4274225932484136,0.6412983910296318,0.9960571761381909,0.5894464086047984,2,2,draw,Manaus,Brazil
2014-06-23,341,2014,a,Australia,Spain,23475686.0,47108.5906459966,21.7,37,0.5223320719397946,0.7375192233345459,0.8182760289835492,0.32529640685768524,0,3,loss,Curitiba,Brazil
2014-06-23,341,2014,b,Spain,Australia,46460733.0,33760.9555646369,13.3,2,0.6019201037428138,0.6725380828698713,0.9559974818331,0.8704847618765743,3,0,win,Curitiba,Brazil
2014-06-23,342,2014,a,Brazil,Cameroon,200085127.0,15827.3081625749,25.0,1,0.7721546621821516,0.5247740616202564,0.6065306597126334,1.0,4,1,win,Brasília,Brazil
2014-06-23,342,2014,b,Cameroon,Brazil,22059893.0,3422.26128158344,24.6,59,0.5150798097890271,0.22606689851763986,0.6334696366573507,0.23810808466678612,1,4,loss,Brasília,Brazil
2014-06-23,343,2014,a,Croatia,Mexico,4201598.0,22706.1799469484,11.9,17,0.32174203721081696,0.5951678362463477,0.9014367207433535,0.4706112767948082,1,3,loss,Recife,Brazil
2014-06-23,343,2014,b,Mexico,Croatia,119784261.0,18820.7991098584,21.0,18,0.7123390150466901,0.5585618305763711,0.8569968914352789,0.4599311704813728,3,1,win,Recife,Brazil
2014-06-23,344,2014,a,Netherlands,Chile,16865008.0,49751.3092860822,10.4,5,0.48377352068496027,0.7481653516096424,0.8240037097874372,0.6992749298851911,2,0,win,São Paulo,Brazil
2014-06-23,344,2014,b,Chile,Netherlands,17864195.0,22553.6161787372,8.5,7,0.49048404452411987,0.5938528614113928,0.7066482778577162,0.6364047587727383,0,2,loss,São Paulo,Brazil
2014-06-24,345,2014,a,Costa Rica,England,4767119.0,16393.8095428323,24.8,34,0.33646446980162076,0.531633398128091,0.6200068879809457,0.3410960386713825,0,0,draw,Belo Horizonte,Brazil
2014-06-24,345,2014,b,England,Costa Rica,64620000.0,41266.8197795309,9.3,11,0.6403844694292071,0.7116952062343312,0.7579796312276883,0.5519508901404825,0,0,draw,Belo Horizonte,Brazil
2014-06-24,346,2014,a,Greece,Ivory Coast,10892413.0,26450.181326726,15.4,22,0.4328041384695464,0.6249375853192393,0.9977802450856064,0.4224356520170568,2,1,win,Fortaleza,Brazil
2014-06-24,346,2014,b,Ivory Coast,Greece,24527395.0,4074.21445539789,26.4,21,0.5274415974650934,0.26007910215768504,0.5129102907232946,0.43112796307513745,1,2,loss,Fortaleza,Brazil
2014-06-24,347,2014,a,Italy,Uruguay,60320707.0,36665.68576775,13.5,16,0.6323575449011793,0.6886368364218327,0.962154491713458,0.48193904750629724,0,1,loss,Natal,Brazil
2014-06-24,347,2014,b,Uruguay,Italy,3356334.0,21867.8112276315,17.6,12,0.2955545061842169,0.5878297680099359,0.9843217347761177,0.5356927280555478,1,0,win,Natal,Brazil
2014-06-24,348,2014,a,Japan,Colombia,127276000.0,39555.4120089198,14.6,18,0.7194119147824656,0.7034335985835598,0.9879741303512339,0.4599311704813728,1,4,loss,Cuiabá,Brazil
2014-06-24,348,2014,b,Colombia,Japan,46565429.0,13355.3624162195,24.8,7,0.6021825314954018,0.4916508201428578,0.6200068879809457,0.6364047587727383,4,1,win,Cuiabá,Brazil
2014-06-25,349,2014,a,Bosnia and Herzegovina,Iran,3564829.0,11167.8379494776,10.9,38,0.30258090150763023,0.4567602033737907,0.851670507229441,0.3203134184418768,3,1,win,Salvador,Brazil
2014-06-25,349,2014,b,Iran,Bosnia and Herzegovina,81502045.0,16065.158186028,17.3,29,0.6674450746099564,0.5276834394683693,0.9896221268507549,0.370817434616976,1,3,loss,Salvador,Brazil
2014-06-25,350,2014,a,Ecuador,France,16035124.0,11835.6091276538,21.9,22,0.4778905527994508,0.46808769553758395,0.8066410193413683,0.4224356520170568,0,0,draw,Rio de Janeiro,Brazil
2014-06-25,350,2014,b,France,Ecuador,66312067.0,40218.1258637776,11.7,7,0.6433980326195498,0.7066744130693491,0.8921367932761701,0.6364047587727383,0,0,draw,Rio de Janeiro,Brazil
2014-06-25,351,2014,a,Honduras,Switzerland,9063122.0,4460.05742833175,23.5,60,0.4113690668940279,0.2777279870523888,0.7066482778577162,0.23496765794073904,0,3,loss,Manaus,Brazil
2014-06-25,351,2014,b,Switzerland,Honduras,8188649.0,63417.0438110319,6.5,16,0.39953947723321254,0.7955032945282753,0.5728686816364933,0.48193904750629724,3,0,win,Manaus,Brazil
2014-06-25,352,2014,a,Nigeria,Argentina,185896915.0,7396.12835532947,26.8,26,0.7635795288162461,0.3763835414674262,0.4867522559599716,0.39122143062014847,2,3,loss,Porto Alegre,Brazil
2014-06-25,352,2014,b,Argentina,Nigeria,43024071.0,19487.4181748868,14.8,3,0.5929605623964699,0.5653508431557093,0.9911505004882849,0.7947232043023992,3,2,win,Porto Alegre,Brazil
2014-06-26,353,2014,a,Algeria,Russia,39205031.0,14694.143827383,22.5,45,0.582123144838066,0.5102841961524675,0.7704330888993759,0.2887213384899895,1,1,draw,Curitiba,Brazil
2014-06-26,353,2014,b,Russia,Algeria,144237223.0,25688.2265625,-5.1,20,0.7339972582149379,0.6192362139928509,0.0640424024615019,0.44024445363833975,1,1,draw,Curitiba,Brazil
2014-06-26,354,2014,a,South Korea,Belgium,50746659.0,37032.1724172561,11.5,42,0.6122076458403084,0.6905767565769158,0.8824969025845955,0.30161272495171176,0,1,loss,São Paulo,Brazil
2014-06-26,354,2014,b,Belgium,South Korea,11209057.0,45147.6429534057,10.7,14,0.43614504566360324,0.7292262037934082,0.8408053791958005,0.5068895206493126,1,0,win,São Paulo,Brazil
2014-06-26,355,2014,a,Portugal,Ghana,10401062.0,28764.5254955042,15.2,9,0.4274225932484136,0.6412983910296318,0.9960571761381909,0.5894464086047984,2,1,win,Brasília,Brazil
2014-06-26,355,2014,b,Ghana,Portugal,28041592.0,5517.13178763566,27.2,37,0.5430525452713799,0.31921453400678157,0.46101671078353545,0.32529640685768524,1,2,loss,Brasília,Brazil
2014-06-26,356,2014,a,United States,Germany,319257560.0,55153.3940182967,8.6,11,0.826631112243845,0.7682714469430789,0.7131776783554898,0.5519508901404825,0,1,loss,Recife,Brazil
2014-06-26,356,2014,b,Germany,United States,80982500.0,47938.7968210418,9.6,4,0.6666994895739902,0.7409267071639514,0.776592510126528,0.7409695237531486,1,0,win,Recife,Brazil
2014-06-28,357,2014,a,Brazil,Chile,200085127.0,15827.3081625749,25.0,1,0.7721546621821516,0.5247740616202564,0.6065306597126334,1.0,1,1,draw,Belo Horizonte,Brazil
2014-06-28,357,2014,b,Chile,Brazil,17864195.0,22553.6161787372,8.5,10,0.49048404452411987,0.5938528614113928,0.7066482778577162,0.5697596917617653,1,1,draw,Belo Horizonte,Brazil
2014-06-28,358,2014,a,Colombia,Uruguay,46565429.0,13355.3624162195,24.8,6,0.6021825314954018,0.4916508201428578,0.6200068879809457,0.6652079661789736,2,0,win,Rio de Janeiro,Brazil
2014-06-28,358,2014,b,Uruguay,Colombia,3356334.0,21867.8112276315,17.6,9,0.2955545061842169,0.5878297680099359,0.9843217347761177,0.5894464086047984,0,2,loss,Rio de Janeiro,Brazil
2014-06-29,359,2014,a,Costa Rica,Greece,4767119.0,16393.8095428323,24.8,33,0.33646446980162076,0.531633398128091,0.6200068879809457,0.34667409444288166,1,1,draw,Recife,Brazil
2014-06-29,359,2014,b,Greece,Costa Rica,10892413.0,26450.181326726,15.4,17,0.4328041384695464,0.6249375853192393,0.9977802450856064,0.4706112767948082,1,1,draw,Recife,Brazil
2014-06-29,360,2014,a,Netherlands,Mexico,16865008.0,49751.3092860822,10.4,5,0.48377352068496027,0.7481653516096424,0.8240037097874372,0.6992749298851911,2,1,win,Fortaleza,Brazil
2014-06-29,360,2014,b,Mexico,Netherlands,119784261.0,18820.7991098584,21.0,14,0.7123390150466901,0.5585618305763711,0.8569968914352789,0.5068895206493126,1,2,loss,Fortaleza,Brazil
2014-06-30,361,2014,a,France,Nigeria,66312067.0,40218.1258637776,11.7,7,0.6433980326195498,0.7066744130693491,0.8921367932761701,0.6364047587727383,2,0,win,Brasília,Brazil
2014-06-30,361,2014,b,Nigeria,France,185896915.0,7396.12835532947,26.8,27,0.7635795288162461,0.3763835414674262,0.4867522559599716,0.38416961290719753,0,2,loss,Brasília,Brazil
2014-06-30,362,2014,a,Germany,Algeria,80982500.0,47938.7968210418,9.6,3,0.6666994895739902,0.7409267071639514,0.776592510126528,0.7947232043023992,2,1,win,Porto Alegre,Brazil
2014-06-30,362,2014,b,Algeria,Germany,39205031.0,14694.143827383,22.5,43,0.582123144838066,0.5102841961524675,0.7704330888993759,0.2972160281740057,1,2,loss,Porto Alegre,Brazil
2014-07-01,363,2014,a,Argentina,Switzerland,43024071.0,19487.4181748868,14.8,4,0.5929605623964699,0.5653508431557093,0.9911505004882849,0.7409695237531486,1,0,win,São Paulo,Brazil
2014-07-01,363,2014,b,Switzerland,Argentina,8188649.0,63417.0438110319,6.5,14,0.39953947723321254,0.7955032945282753,0.5728686816364933,0.5068895206493126,0,1,loss,São Paulo,Brazil
2014-07-01,364,2014,a,Belgium,United States,11209057.0,45147.6429534057,10.7,13,0.43614504566360324,0.7292262037934082,0.8408053791958005,0.5207366687435742,2,1,win,Salvador,Brazil
2014-07-01,364,2014,b,United States,Belgium,319257560.0,55153.3940182967,8.6,12,0.826631112243845,0.7682714469430789,0.7131776783554898,0.5356927280555478,1,2,loss,Salvador,Brazil
2014-07-04,365,2014,a,Brazil,Colombia,200085127.0,15827.3081625749,25.0,1,0.7721546621821516,0.5247740616202564,0.6065306597126334,1.0,2,1,win,Fortaleza,Brazil
2014-07-04,365,2014,b,Colombia,Brazil,46565429.0,13355.3624162195,24.8,6,0.6021825314954018,0.4916508201428578,0.6200068879809457,0.6652079661789736,1,2,loss,Fortaleza,Brazil
2014-07-04,366,2014,a,France,Germany,66312067.0,40218.1258637776,11.7,7,0.6433980326195498,0.7066744130693491,0.8921367932761701,0.6364047587727383,0,1,loss,Rio de Janeiro,Brazil
2014-07-04,366,2014,b,Germany,France,80982500.0,47938.7968210418,9.6,4,0.6666994895739902,0.7409267071639514,0.776592510126528,0.7409695237531486,1,0,win,Rio de Janeiro,Brazil
2014-07-05,367,2014,a,Argentina,Belgium,43024071.0,19487.4181748868,14.8,4,0.5929605623964699,0.5653508431557093,0.9911505004882849,0.7409695237531486,1,0,win,Brasília,Brazil
2014-07-05,367,2014,b,Belgium,Argentina,11209057.0,45147.6429534057,10.7,12,0.43614504566360324,0.7292262037934082,0.8408053791958005,0.5356927280555478,0,1,loss,Brasília,Brazil
2014-07-05,368,2014,a,Netherlands,Costa Rica,16865008.0,49751.3092860822,10.4,5,0.48377352068496027,0.7481653516096424,0.8240037097874372,0.6992749298851911,0,0,draw,Salvador,Brazil
2014-07-05,368,2014,b,Costa Rica,Netherlands,4767119.0,16393.8095428323,24.8,32,0.33646446980162076,0.531633398128091,0.6200068879809457,0.35242380938287154,0,0,draw,Salvador,Brazil
2014-07-08,369,2014,a,Brazil,Germany,200085127.0,15827.3081625749,25.0,1,0.7721546621821516,0.5247740616202564,0.6065306597126334,1.0,1,7,loss,Belo Horizonte,Brazil
2014-07-08,369,2014,b,Germany,Brazil,80982500.0,47938.7968210418,9.6,3,0.6666994895739902,0.7409267071639514,0.776592510126528,0.7947232043023992,7,1,win,Belo Horizonte,Brazil
2014-07-09,370,2014,a,Netherlands,Argentina,16865008.0,49751.3092860822,10.4,5,0.48377352068496027,0.7481653516096424,0.8240037097874372,0.6992749298851911,0,0,draw,São Paulo,Brazil
2014-07-09,370,2014,b,Argentina,Netherlands,43024071.0,19487.4181748868,14.8,4,0.5929605623964699,0.5653508431557093,0.9911505004882849,0.7409695237531486,0,0,draw,São Paulo,Brazil
2014-07-12,371,2014,a,Brazil,Netherlands,200085127.0,15827.3081625749,25.0,1,0.7721546621821516,0.5247740616202564,0.6065306597126334,1.0,0,3,loss,Brasília,Brazil
2014-07-12,371,2014,b,Netherlands,Brazil,16865008.0,49751.3092860822,10.4,5,0.48377352068496027,0.7481653516096424,0.8240037097874372,0.6992749298851911,3,0,win,Brasília,Brazil
2014-07-13,372,2014,a,Germany,Argentina,80982500.0,47938.7968210418,9.6,2,0.6666994895739902,0.7409267071639514,0.776592510126528,0.8704847618765743,1,0,win,Rio de Janeiro,Brazil
2014-07-13,372,2014,b,Argentina,Germany,43024071.0,19487.4181748868,14.8,4,0.5929605623964699,0.5653508431557093,0.9911505004882849,0.7409695237531486,0,1,loss,Rio de Janeiro,Brazil
2018-06-14,373,2018,a,Russia,Saudi Arabia,145398106.0,28628.5625,-5.1,39,0.7349318540344896,0.6403742485629877,0.0640424024615019,0.31545987304597345,5,0,win,Moscow,Russia
2018-06-14,373,2018,b,Saudi Arabia,Russia,30196281.0,59377.8025368768,26.0,64,0.5516835620625908,0.7826665956998085,0.5394075072376266,0.22290857125944596,0,5,loss,Moscow,Russia
2018-06-15,374,2018,a,Egypt,Uruguay,105682094.0,12329.2446781436,22.1,47,0.6977355472921267,0.4760577201198969,0.7947788667713367,0.2805961021972452,0,1,loss,Ekaterinburg,Russia
2018-06-15,374,2018,b,Uruguay,Egypt,3394534.0,24386.4948473952,17.6,15,0.29687395629482816,0.6090929486772614,0.9843217347761177,0.4939981341875903,1,0,win,Ekaterinburg,Russia
2018-06-15,375,2018,a,Morocco,Iran,35839760.0,7801.0986328125,18.3,27,0.5716596816715839,0.3867812732745967,0.967873075176895,0.38416961290719753,0,1,loss,Saint Petersburg,Russia
2018-06-15,375,2018,b,Iran,Morocco,86117998.0,15324.0674634637,17.3,18,0.6738679550995464,0.518471555229778,0.9896221268507549,0.4599311704813728,1,0,win,Saint Petersburg,Russia
2018-06-15,376,2018,a,Portugal,Spain,10283822.0,34896.7993382974,15.2,8,0.4261009569356104,0.6789923303255782,0.9960571761381909,0.6114542856297229,3,3,draw,Sochi,Russia
2018-06-15,376,2018,b,Spain,Portugal,46782011.0,41015.1565755187,13.3,2,0.6027235415281289,0.7105020609083376,0.9559974818331,0.8704847618765743,3,3,draw,Sochi,Russia
2018-06-16,377,2018,a,France,Australia,67158348.0,46381.0590629457,11.7,4,0.6448765280676926,0.7344834169571407,0.8921367932761701,0.7409695237531486,2,1,win,Kazan,Russia
2018-06-16,377,2018,b,Australia,France,24963258.0,50371.233830782,21.7,23,0.5294952295472709,0.7505807540048647,0.8182760289835492,0.4141297960952067,1,2,loss,Kazan,Russia
2018-06-16,378,2018,a,Argentina,Iceland,44654882.0,24410.3919063335,14.8,5,0.5972980970576925,0.6092839908979475,0.9911505004882849,0.6992749298851911,1,1,draw,Moscow,Russia
2018-06-16,378,2018,b,Iceland,Argentina,352721.0,57197.7676247175,1.8,47,0.03288977867536358,0.7753706176717143,0.2880297924974456,0.2805961021972452,1,1,draw,Moscow,Russia
2018-06-16,379,2018,a,Peru,Denmark,31897584.0,13078.2323503405,19.6,9,0.5580739360723033,0.4875608483501174,0.9231163463866358,0.5894464086047984,0,1,loss,Saransk,Russia
2018-06-16,379,2018,b,Denmark,Peru,5793636.0,57233.6231685618,8.3,22,0.35920125970775135,0.7754928505772143,0.6935113630255842,0.4224356520170568,1,0,win,Saransk,Russia
2018-06-16,380,2018,a,Croatia,Nigeria,3988775.0,29789.1305400916,11.9,18,0.31568169364375553,0.6481252949159277,0.9014367207433535,0.4599311704813728,2,0,win,Kaliningrad,Russia
2018-06-16,380,2018,b,Nigeria,Croatia,204938755.0,7158.17107571781,26.8,49,0.7749490793305538,0.3700049707541905,0.4867522559599716,0.27280951754547655,0,2,loss,Kaliningrad,Russia
2018-06-17,381,2018,a,Costa Rica,Serbia,4957818.0,21498.0350746836,24.8,36,0.34103747700912707,0.5845033365246304,0.6200068879809457,0.3304159323579471,0,1,loss,Samara,Russia
2018-06-17,381,2018,b,Serbia,Costa Rica,6982604.0,18469.022619005,11.4,38,0.38096382751532076,0.5548816733628433,0.8775535639640376,0.3203134184418768,1,0,win,Samara,Russia
2018-06-17,382,2018,a,Germany,Mexico,82905782.0,56273.0405627017,9.6,4,0.6694360156715381,0.7721914310872221,0.776592510126528,0.7409695237531486,0,1,loss,Moscow,Russia
2018-06-17,382,2018,b,Mexico,Germany,124573711.0,20921.4775277572,21.0,15,0.7169098900646833,0.5792008360528897,0.8569968914352789,0.4939981341875903,1,0,win,Moscow,Russia
2018-06-17,383,2018,a,Brazil,Switzerland,206107261.0,15463.7426393743,25.0,1,0.7756119461269585,0.520241339743378,0.6065306597126334,1.0,1,1,draw,Rostov-on-Don,Russia
2018-06-17,383,2018,b,Switzerland,Brazil,8514329.0,70688.8187491194,6.5,13,0.40408660145394193,0.8166769497706856,0.5728686816364933,0.5207366687435742,1,1,draw,Rostov-on-Don,Russia
2018-06-18,384,2018,a,Sweden,South Korea,10175214.0,53122.438677218,2.1,27,0.4248631146302215,0.7609533734690176,0.3034148339163076,0.38416961290719753,1,0,win,Nizhny Novgorod,Russia
2018-06-18,384,2018,b,South Korea,Sweden,51585058.0,45511.0803506331,11.5,38,0.6141180919874658,0.7307900690253454,0.8824969025845955,0.3203134184418768,0,1,loss,Nizhny Novgorod,Russia
2018-06-18,385,2018,a,Belgium,Panama,11427054.0,52466.7330784599,10.7,7,0.43839071971645344,0.758530827233164,0.8408053791958005,0.6364047587727383,3,0,win,Sochi,Russia
2018-06-18,385,2018,b,Panama,Belgium,4167860.0,32463.5403500842,27.0,56,0.3208020781385539,0.6648945721244006,0.47382672639536405,0.2478590444024611,0,3,loss,Sochi,Russia
2018-06-18,386,2018,a,Tunisia,England,11765514.0,11841.4061980603,19.2,42,0.44179381364956444,0.46818320768546184,0.9387464321565271,0.30161272495171176,1,2,loss,Volgograd,Russia
2018-06-18,386,2018,b,England,Tunisia,66289000.0,47212.2045190522,9.3,6,0.6433574697479048,0.7379477596313074,0.7579796312276883,0.6652079661789736,2,1,win,Volgograd,Russia
2018-06-19,387,2018,a,Colombia,Japan,49024465.0,15239.4049488277,24.8,9,0.6081822838795367,0.5173909512481468,0.6200068879809457,0.5894464086047984,1,2,loss,Saransk,Russia
2018-06-19,387,2018,b,Japan,Colombia,126811000.0,42141.9352987758,14.6,29,0.7189851824159967,0.715788252616998,0.9879741303512339,0.370817434616976,2,1,win,Saransk,Russia
2018-06-19,388,2018,a,Poland,Senegal,37974750.0,32345.1066076225,8.8,19,0.5784058915390408,0.6641816863227034,0.7261490370736909,0.44982865656530246,1,2,loss,Moscow,Russia
2018-06-19,388,2018,b,Senegal,Poland,15914498.0,3380.21596529445,27.8,27,0.47701018964496583,0.2236556996012248,0.4233711028530494,0.38416961290719753,2,1,win,Moscow,Russia
2018-06-19,389,2018,a,Russia,Egypt,145398106.0,28628.5625,-5.1,37,0.7349318540344896,0.6403742485629877,0.0640424024615019,0.32529640685768524,3,1,win,Saint Petersburg,Russia
2018-06-19,389,2018,b,Egypt,Russia,105682094.0,12329.2446781436,22.1,50,0.6977355472921267,0.4760577201198969,0.7947788667713367,0.2690346216469566,1,3,loss,Saint Petersburg,Russia
2018-06-20,390,2018,a,Portugal,Morocco,10283822.0,34896.7993382974,15.2,8,0.4261009569356104,0.6789923303255782,0.9960571761381909,0.6114542856297229,1,0,win,Moscow,Russia
2018-06-20,390,2018,b,Morocco,Portugal,35839760.0,7801.0986328125,18.3,33,0.5716596816715839,0.3867812732745967,0.967873075176895,0.34667409444288166,0,1,loss,Moscow,Russia
2018-06-20,391,2018,a,Uruguay,Saudi Arabia,3394534.0,24386.4948473952,17.6,13,0.29687395629482816,0.6090929486772614,0.9843217347761177,0.5207366687435742,1,0,win,Rostov-on-Don,Russia
2018-06-20,391,2018,b,Saudi Arabia,Uruguay,30196281.0,59377.8025368768,26.0,67,0.5516835620625908,0.7826665956998085,0.5394075072376266,0.21434901401992312,0,1,loss,Rostov-on-Don,Russia
2018-06-20,392,2018,a,Iran,Spain,86117998.0,15324.0674634637,17.3,17,0.6738679550995464,0.518471555229778,0.9896221268507549,0.4706112767948082,0,1,loss,Kazan,Russia
2018-06-20,392,2018,b,Spain,Iran,46782011.0,41015.1565755187,13.3,2,0.6027235415281289,0.7105020609083376,0.9559974818331,0.8704847618765743,1,0,win,Kazan,Russia
2018-06-21,393,2018,a,Denmark,Australia,5793636.0,57233.6231685618,8.3,20,0.35920125970775135,0.7754928505772143,0.6935113630255842,0.44024445363833975,1,1,draw,Samara,Russia
2018-06-21,393,2018,b,Australia,Denmark,24963258.0,50371.233830782,21.7,26,0.5294952295472709,0.7505807540048647,0.8182760289835492,0.39122143062014847,1,1,draw,Samara,Russia
2018-06-21,394,2018,a,France,Peru,67158348.0,46381.0590629457,11.7,3,0.6448765280676926,0.7344834169571407,0.8921367932761701,0.7947232043023992,1,0,win,Ekaterinburg,Russia
2018-06-21,394,2018,b,Peru,France,31897584.0,13078.2323503405,19.6,10,0.5580739360723033,0.4875608483501174,0.9231163463866358,0.5697596917617653,0,1,loss,Ekaterinburg,Russia
2018-06-21,395,2018,a,Argentina,Croatia,44654882.0,24410.3919063335,14.8,6,0.5972980970576925,0.6092839908979475,0.9911505004882849,0.6652079661789736,0,3,loss,Nizhny Novgorod,Russia
2018-06-21,395,2018,b,Croatia,Argentina,3988775.0,29789.1305400916,11.9,16,0.31568169364375553,0.6481252949159277,0.9014367207433535,0.48193904750629724,3,0,win,Nizhny Novgorod,Russia
2018-06-22,396,2018,a,Brazil,Costa Rica,206107261.0,15463.7426393743,25.0,1,0.7756119461269585,0.520241339743378,0.6065306597126334,1.0,2,0,win,Saint Petersburg,Russia
2018-06-22,396,2018,b,Costa Rica,Brazil,4957818.0,21498.0350746836,24.8,39,0.34103747700912707,0.5845033365246304,0.6200068879809457,0.31545987304597345,0,2,loss,Saint Petersburg,Russia
2018-06-22,397,2018,a,Nigeria,Iceland,204938755.0,7158.17107571781,26.8,51,0.7749490793305538,0.3700049707541905,0.4867522559599716,0.26533448109720736,2,0,win,Volgograd,Russia
2018-06-22,397,2018,b,Iceland,Nigeria,352721.0,57197.7676247175,1.8,46,0.03288977867536358,0.7753706176717143,0.2880297924974456,0.28461455797178103,0,2,loss,Volgograd,Russia
2018-06-22,398,2018,a,Serbia,Switzerland,6982604.0,18469.022619005,11.4,33,0.38096382751532076,0.5548816733628433,0.8775535639640376,0.34667409444288166,1,2,loss,Kaliningrad,Russia
2018-06-22,398,2018,b,Switzerland,Serbia,8514329.0,70688.8187491194,6.5,12,0.40408660145394193,0.8166769497706856,0.5728686816364933,0.5356927280555478,2,1,win,Kaliningrad,Russia
2018-06-23,399,2018,a,Belgium,Tunisia,11427054.0,52466.7330784599,10.7,6,0.43839071971645344,0.758530827233164,0.8408053791958005,0.6652079661789736,5,2,win,Moscow,Russia
2018-06-23,399,2018,b,Tunisia,Belgium,11765514.0,11841.4061980603,19.2,44,0.44179381364956444,0.46818320768546184,0.9387464321565271,0.2929204138936311,2,5,loss,Moscow,Russia
2018-06-23,400,2018,a,South Korea,Mexico,51585058.0,45511.0803506331,11.5,42,0.6141180919874658,0.7307900690253454,0.8824969025845955,0.30161272495171176,1,2,loss,Rostov-on-Don,Russia
2018-06-23,400,2018,b,Mexico,South Korea,124573711.0,20921.4775277572,21.0,10,0.7169098900646833,0.5792008360528897,0.8569968914352789,0.5697596917617653,2,1,win,Rostov-on-Don,Russia
2018-06-23,401,2018,a,Germany,Sweden,82905782.0,56273.0405627017,9.6,5,0.6694360156715381,0.7721914310872221,0.776592510126528,0.6992749298851911,2,1,win,Sochi,Russia
2018-06-23,401,2018,b,Sweden,Germany,10175214.0,53122.438677218,2.1,24,0.4248631146302215,0.7609533734690176,0.3034148339163076,0.4061774899321221,1,2,loss,Sochi,Russia
2018-06-24,402,2018,a,England,Panama,66289000.0,47212.2045190522,9.3,5,0.6433574697479048,0.7379477596313074,0.7579796312276883,0.6992749298851911,6,1,win,Nizhny Novgorod,Russia
2018-06-24,402,2018,b,Panama,England,4167860.0,32463.5403500842,27.0,59,0.3208020781385539,0.6648945721244006,0.47382672639536405,0.23810808466678612,1,6,loss,Nizhny Novgorod,Russia
2018-06-24,403,2018,a,Japan,Senegal,126811000.0,42141.9352987758,14.6,24,0.7189851824159967,0.715788252616998,0.9879741303512339,0.4061774899321221,2,2,draw,Ekaterinburg,Russia
2018-06-24,403,2018,b,Senegal,Japan,15914498.0,3380.21596529445,27.8,23,0.47701018964496583,0.2236556996012248,0.4233711028530494,0.4141297960952067,2,2,draw,Ekaterinburg,Russia
2018-06-24,404,2018,a,Poland,Colombia,37974750.0,32345.1066076225,8.8,21,0.5784058915390408,0.6641816863227034,0.7261490370736909,0.43112796307513745,0,3,loss,Kazan,Russia
2018-06-24,404,2018,b,Colombia,Poland,49024465.0,15239.4049488277,24.8,15,0.6081822838795367,0.5173909512481468,0.6200068879809457,0.4939981341875903,3,0,win,Kazan,Russia
2018-06-25,405,2018,a,Russia,Uruguay,145398106.0,28628.5625,-5.1,29,0.7349318540344896,0.6403742485629877,0.0640424024615019,0.370817434616976,0,3,loss,Samara,Russia
2018-06-25,405,2018,b,Uruguay,Russia,3394534.0,24386.4948473952,17.6,13,0.29687395629482816,0.6090929486772614,0.9843217347761177,0.5207366687435742,3,0,win,Samara,Russia
2018-06-25,406,2018,a,Saudi Arabia,Egypt,30196281.0,59377.8025368768,26.0,70,0.5516835620625908,0.7826665956998085,0.5394075072376266,0.2061644505345036,2,1,win,Volgograd,Russia
2018-06-25,406,2018,b,Egypt,Saudi Arabia,105682094.0,12329.2446781436,22.1,54,0.6977355472921267,0.4760577201198969,0.7947788667713367,0.25465437478377184,1,2,loss,Volgograd,Russia
2018-06-25,407,2018,a,Spain,Morocco,46782011.0,41015.1565755187,13.3,2,0.6027235415281289,0.7105020609083376,0.9559974818331,0.8704847618765743,2,2,draw,Kaliningrad,Russia
2018-06-25,407,2018,b,Morocco,Spain,35839760.0,7801.0986328125,18.3,36,0.5716596816715839,0.3867812732745967,0.967873075176895,0.3304159323579471,2,2,draw,Kaliningrad,Russia
2018-06-25,408,2018,a,Iran,Portugal,86117998.0,15324.0674634637,17.3,18,0.6738679550995464,0.518471555229778,0.9896221268507549,0.4599311704813728,1,1,draw,Saransk,Russia
2018-06-25,408,2018,b,Portugal,Iran,10283822.0,34896.7993382974,15.2,8,0.4261009569356104,0.6789923303255782,0.9960571761381909,0.6114542856297229,1,1,draw,Saransk,Russia
2018-06-26,409,2018,a,Australia,Peru,24963258.0,50371.233830782,21.7,25,0.5294952295472709,0.7505807540048647,0.8182760289835492,0.39854985977038226,0,2,loss,Sochi,Russia
2018-06-26,409,2018,b,Peru,Australia,31897584.0,13078.2323503405,19.6,15,0.5580739360723033,0.4875608483501174,0.9231163463866358,0.4939981341875903,2,0,win,Sochi,Russia
2018-06-26,410,2018,a,Denmark,France,5793636.0,57233.6231685618,8.3,20,0.35920125970775135,0.7754928505772143,0.6935113630255842,0.44024445363833975,0,0,draw,Moscow,Russia
2018-06-26,410,2018,b,France,Denmark,67158348.0,46381.0590629457,11.7,3,0.6448765280676926,0.7344834169571407,0.8921367932761701,0.7947232043023992,0,0,draw,Moscow,Russia
2018-06-26,411,2018,a,Nigeria,Argentina,204938755.0,7158.17107571781,26.8,47,0.7749490793305538,0.3700049707541905,0.4867522559599716,0.2805961021972452,1,2,loss,Saint Petersburg,Russia
2018-06-26,411,2018,b,Argentina,Nigeria,44654882.0,24410.3919063335,14.8,7,0.5972980970576925,0.6092839908979475,0.9911505004882849,0.6364047587727383,2,1,win,Saint Petersburg,Russia
2018-06-26,412,2018,a,Iceland,Croatia,352721.0,57197.7676247175,1.8,49,0.03288977867536358,0.7753706176717143,0.2880297924974456,0.27280951754547655,1,2,loss,Rostov-on-Don,Russia
2018-06-26,412,2018,b,Croatia,Iceland,3988775.0,29789.1305400916,11.9,12,0.31568169364375553,0.6481252949159277,0.9014367207433535,0.5356927280555478,2,1,win,Rostov-on-Don,Russia
2018-06-27,413,2018,a,South Korea,Germany,51585058.0,45511.0803506331,11.5,44,0.6141180919874658,0.7307900690253454,0.8824969025845955,0.2929204138936311,2,0,win,Kazan,Russia
2018-06-27,413,2018,b,Germany,South Korea,82905782.0,56273.0405627017,9.6,5,0.6694360156715381,0.7721914310872221,0.776592510126528,0.6992749298851911,0,2,loss,Kazan,Russia
2018-06-27,414,2018,a,Mexico,Sweden,124573711.0,20921.4775277572,21.0,9,0.7169098900646833,0.5792008360528897,0.8569968914352789,0.5894464086047984,0,3,loss,Ekaterinburg,Russia
2018-06-27,414,2018,b,Sweden,Mexico,10175214.0,53122.438677218,2.1,26,0.4248631146302215,0.7609533734690176,0.3034148339163076,0.39122143062014847,3,0,win,Ekaterinburg,Russia
2018-06-27,415,2018,a,Serbia,Brazil,6982604.0,18469.022619005,11.4,37,0.38096382751532076,0.5548816733628433,0.8775535639640376,0.32529640685768524,0,2,loss,Moscow,Russia
2018-06-27,415,2018,b,Brazil,Serbia,206107261.0,15463.7426393743,25.0,1,0.7756119461269585,0.520241339743378,0.6065306597126334,1.0,2,0,win,Moscow,Russia
2018-06-27,416,2018,a,Switzerland,Costa Rica,8514329.0,70688.8187491194,6.5,12,0.40408660145394193,0.8166769497706856,0.5728686816364933,0.5356927280555478,2,2,draw,Nizhny Novgorod,Russia
2018-06-27,416,2018,b,Costa Rica,Switzerland,4957818.0,21498.0350746836,24.8,40,0.34103747700912707,0.5845033365246304,0.6200068879809457,0.31072921551491406,2,2,draw,Nizhny Novgorod,Russia
2018-06-28,417,2018,a,Japan,Poland,126811000.0,42141.9352987758,14.6,25,0.7189851824159967,0.715788252616998,0.9879741303512339,0.39854985977038226,0,1,loss,Volgograd,Russia
2018-06-28,417,2018,b,Poland,Japan,37974750.0,32345.1066076225,8.8,22,0.5784058915390408,0.6641816863227034,0.7261490370736909,0.4224356520170568,1,0,win,Volgograd,Russia
2018-06-28,418,2018,a,Senegal,Colombia,15914498.0,3380.21596529445,27.8,24,0.47701018964496583,0.2236556996012248,0.4233711028530494,0.4061774899321221,0,1,loss,Samara,Russia
2018-06-28,418,2018,b,Colombia,Senegal,49024465.0,15239.4049488277,24.8,13,0.6081822838795367,0.5173909512481468,0.6200068879809457,0.5207366687435742,1,0,win,Samara,Russia
2018-06-28,419,2018,a,Panama,Tunisia,4167860.0,32463.5403500842,27.0,59,0.3208020781385539,0.6648945721244006,0.47382672639536405,0.23810808466678612,1,2,loss,Saransk,Russia
2018-06-28,419,2018,b,Tunisia,Panama,11765514.0,11841.4061980603,19.2,46,0.44179381364956444,0.46818320768546184,0.9387464321565271,0.28461455797178103,2,1,win,Saransk,Russia
2018-06-28,420,2018,a,England,Belgium,66289000.0,47212.2045190522,9.3,4,0.6433574697479048,0.7379477596313074,0.7579796312276883,0.7409695237531486,0,1,loss,Kaliningrad,Russia
2018-06-28,420,2018,b,Belgium,England,11427054.0,52466.7330784599,10.7,5,0.43839071971645344,0.758530827233164,0.8408053791958005,0.6992749298851911,1,0,win,Kaliningrad,Russia
2018-06-30,421,2018,a,France,Argentina,67158348.0,46381.0590629457,11.7,3,0.6448765280676926,0.7344834169571407,0.8921367932761701,0.7947232043023992,4,3,win,Kazan,Russia
2018-06-30,421,2018,b,Argentina,France,44654882.0,24410.3919063335,14.8,6,0.5972980970576925,0.6092839908979475,0.9911505004882849,0.6652079661789736,3,4,loss,Kazan,Russia
2018-06-30,422,2018,a,Uruguay,Portugal,3394534.0,24386.4948473952,17.6,11,0.29687395629482816,0.6090929486772614,0.9843217347761177,0.5519508901404825,2,1,win,Sochi,Russia
2018-06-30,422,2018,b,Portugal,Uruguay,10283822.0,34896.7993382974,15.2,8,0.4261009569356104,0.6789923303255782,0.9960571761381909,0.6114542856297229,1,2,loss,Sochi,Russia
2018-07-01,423,2018,a,Russia,Spain,145398106.0,28628.5625,-5.1,36,0.7349318540344896,0.6403742485629877,0.0640424024615019,0.3304159323579471,1,1,draw,Moscow,Russia
2018-07-01,423,2018,b,Spain,Russia,46782011.0,41015.1565755187,13.3,2,0.6027235415281289,0.7105020609083376,0.9559974818331,0.8704847618765743,1,1,draw,Moscow,Russia
2018-07-01,424,2018,a,Croatia,Denmark,3988775.0,29789.1305400916,11.9,11,0.31568169364375553,0.6481252949159277,0.9014367207433535,0.5519508901404825,1,1,draw,Nizhny Novgorod,Russia
2018-07-01,424,2018,b,Denmark,Croatia,5793636.0,57233.6231685618,8.3,20,0.35920125970775135,0.7754928505772143,0.6935113630255842,0.44024445363833975,1,1,draw,Nizhny Novgorod,Russia
2018-07-02,425,2018,a,Brazil,Mexico,206107261.0,15463.7426393743,25.0,1,0.7756119461269585,0.520241339743378,0.6065306597126334,1.0,2,0,win,Samara,Russia
2018-07-02,425,2018,b,Mexico,Brazil,124573711.0,20921.4775277572,21.0,15,0.7169098900646833,0.5792008360528897,0.8569968914352789,0.4939981341875903,0,2,loss,Samara,Russia
2018-07-02,426,2018,a,Belgium,Japan,11427054.0,52466.7330784599,10.7,4,0.43839071971645344,0.758530827233164,0.8408053791958005,0.7409695237531486,3,2,win,Rostov-on-Don,Russia
2018-07-02,426,2018,b,Japan,Belgium,126811000.0,42141.9352987758,14.6,27,0.7189851824159967,0.715788252616998,0.9879741303512339,0.38416961290719753,2,3,loss,Rostov-on-Don,Russia
2018-07-03,427,2018,a,Sweden,Switzerland,10175214.0,53122.438677218,2.1,23,0.4248631146302215,0.7609533734690176,0.3034148339163076,0.4141297960952067,1,0,win,Saint Petersburg,Russia
2018-07-03,427,2018,b,Switzerland,Sweden,8514329.0,70688.8187491194,6.5,13,0.40408660145394193,0.8166769497706856,0.5728686816364933,0.5207366687435742,0,1,loss,Saint Petersburg,Russia
2018-07-03,428,2018,a,Colombia,England,49024465.0,15239.4049488277,24.8,10,0.6081822838795367,0.5173909512481468,0.6200068879809457,0.5697596917617653,1,1,draw,Moscow,Russia
2018-07-03,428,2018,b,England,Colombia,66289000.0,47212.2045190522,9.3,5,0.6433574697479048,0.7379477596313074,0.7579796312276883,0.6992749298851911,1,1,draw,Moscow,Russia
2018-07-06,429,2018,a,Uruguay,France,3394534.0,24386.4948473952,17.6,9,0.29687395629482816,0.6090929486772614,0.9843217347761177,0.5894464086047984,0,2,loss,Nizhny Novgorod,Russia
2018-07-06,429,2018,b,France,Uruguay,67158348.0,46381.0590629457,11.7,2,0.6448765280676926,0.7344834169571407,0.8921367932761701,0.8704847618765743,2,0,win,Nizhny Novgorod,Russia
2018-07-06,430,2018,a,Brazil,Belgium,206107261.0,15463.7426393743,25.0,1,0.7756119461269585,0.520241339743378,0.6065306597126334,1.0,1,2,loss,Kazan,Russia
2018-07-06,430,2018,b,Belgium,Brazil,11427054.0,52466.7330784599,10.7,4,0.43839071971645344,0.758530827233164,0.8408053791958005,0.7409695237531486,2,1,win,Kazan,Russia
2018-07-07,431,2018,a,Sweden,England,10175214.0,53122.438677218,2.1,21,0.4248631146302215,0.7609533734690176,0.3034148339163076,0.43112796307513745,0,2,loss,Samara,Russia
2018-07-07,431,2018,b,England,Sweden,66289000.0,47212.2045190522,9.3,5,0.6433574697479048,0.7379477596313074,0.7579796312276883,0.6992749298851911,2,0,win,Samara,Russia
2018-07-07,432,2018,a,Russia,Croatia,145398106.0,28628.5625,-5.1,28,0.7349318540344896,0.6403742485629877,0.0640424024615019,0.3773742825258869,2,2,draw,Sochi,Russia
2018-07-07,432,2018,b,Croatia,Russia,3988775.0,29789.1305400916,11.9,11,0.31568169364375553,0.6481252949159277,0.9014367207433535,0.5519508901404825,2,2,draw,Sochi,Russia
2018-07-10,433,2018,a,France,Belgium,67158348.0,46381.0590629457,11.7,2,0.6448765280676926,0.7344834169571407,0.8921367932761701,0.8704847618765743,1,0,win,Saint Petersburg,Russia
2018-07-10,433,2018,b,Belgium,France,11427054.0,52466.7330784599,10.7,4,0.43839071971645344,0.758530827233164,0.8408053791958005,0.7409695237531486,0,1,loss,Saint Petersburg,Russia
2018-07-11,434,2018,a,Croatia,England,3988775.0,29789.1305400916,11.9,11,0.31568169364375553,0.6481252949159277,0.9014367207433535,0.5519508901404825,2,1,win,Moscow,Russia
2018-07-11,434,2018,b,England,Croatia,66289000.0,47212.2045190522,9.3,5,0.6433574697479048,0.7379477596313074,0.7579796312276883,0.6992749298851911,1,2,loss,Moscow,Russia
2018-07-14,435,2018,a,Belgium,England,11427054.0,52466.7330784599,10.7,4,0.43839071971645344,0.758530827233164,0.8408053791958005,0.7409695237531486,2,0,win,Saint Petersburg,Russia
2018-07-14,435,2018,b,England,Belgium,66289000.0,47212.2045190522,9.3,6,0.6433574697479048,0.7379477596313074,0.7579796312276883,0.6652079661789736,0,2,loss,Saint Petersburg,Russia
2018-07-15,436,2018,a,France,Croatia,67158348.0,46381.0590629457,11.7,2,0.6448765280676926,0.7344834169571407,0.8921367932761701,0.8704847618765743,4,2,win,Moscow,Russia
2018-07-15,436,2018,b,Croatia,France,3988775.0,29789.1305400916,11.9,9,0.31568169364375553,0.6481252949159277,0.9014367207433535,0.5894464086047984,2,4,loss,Moscow,Russia
2022-11-20,437,2022,a,Qatar,Ecuador,2657333.0,122920.54329029,27.2,41,0.26832809310258543,0.924588764690266,0.46101671078353545,0.30611537636325226,0,2,loss,Al Khor,Qatar
2022-11-20,437,2022,b,Ecuador,Qatar,17823897.0,15198.0725554473,21.9,24,0.4902207481131145,0.5168612156643381,0.8066410193413683,0.4061774899321221,2,0,win,Al Khor,Qatar
2022-11-21,438,2022,a,Senegal,Netherlands,17651103.0,4530.22059496055,27.8,36,0.48908496794633094,0.28077252828260424,0.4233711028530494,0.3304159323579471,0,2,loss,Doha,Qatar
2022-11-21,438,2022,b,Netherlands,Senegal,17700982.0,78630.3599072098,10.4,4,0.4894139616491513,0.837444065011255,0.8240037097874372,0.7409695237531486,2,0,win,Doha,Qatar
2022-11-21,439,2022,a,England,Iran,67604000.0,59021.5721805914,9.3,8,0.6456476329728983,0.7814928883880613,0.7579796312276883,0.6114542856297229,6,2,win,Al Rayyan,Qatar
2022-11-21,439,2022,b,Iran,England,89524246.0,17545.6246629429,17.3,17,0.6783905358865289,0.5448774836316813,0.9896221268507549,0.4706112767948082,2,6,loss,Al Rayyan,Qatar
2022-11-21,440,2022,a,United States,Wales,334017321.0,77860.9112908848,8.6,18,0.8319002781305166,0.8355259705660171,0.7131776783554898,0.4599311704813728,1,1,draw,Al Rayyan,Qatar
2022-11-21,440,2022,b,Wales,United States,67604000.0,59021.5721805914,9.3,31,0.6456476329728983,0.7814928883880613,0.7579796312276883,0.3583560851500469,1,1,draw,Al Rayyan,Qatar
2022-11-22,441,2022,a,Argentina,Saudi Arabia,45407904.0,29808.8073468007,14.8,2,0.5992477486093514,0.6482540903256983,0.9911505004882849,0.8704847618765743,1,2,loss,Lusail,Qatar
2022-11-22,441,2022,b,Saudi Arabia,Argentina,32175224.0,71968.074955888,26.0,50,0.5590843413091833,0.8201752203225442,0.5394075072376266,0.2690346216469566,2,1,win,Lusail,Qatar
2022-11-22,442,2022,a,Mexico,Poland,128613117.0,23135.4931601276,21.0,24,0.7206303603698891,0.598821288833317,0.8569968914352789,0.4061774899321221,0,0,draw,Doha,Qatar
2022-11-22,442,2022,b,Poland,Mexico,36821749.0,46777.5524519162,8.8,23,0.5748111521596779,0.7361437398228758,0.7261490370736909,0.4141297960952067,0,0,draw,Doha,Qatar
2022-11-22,443,2022,a,Denmark,Tunisia,5903037.0,78913.6534913127,8.3,11,0.36138226239083926,0.8381455401528309,0.6935113630255842,0.5519508901404825,0,0,draw,Al Rayyan,Qatar
2022-11-22,443,2022,b,Tunisia,Denmark,12119334.0,13618.5389918651,19.2,36,0.44524824255317824,0.495457043152645,0.9387464321565271,0.3304159323579471,0,0,draw,Al Rayyan,Qatar
2022-11-22,444,2022,a,France,Australia,68184457.0,57042.9449013772,11.7,5,0.6466444017757974,0.7748419399030368,0.8921367932761701,0.6992749298851911,4,1,win,Al Wakrah,Qatar
2022-11-22,444,2022,b,Australia,France,26018721.0,66103.1797066957,21.7,28,0.5343232930473688,0.8035948060161042,0.8182760289835492,0.3773742825258869,1,4,loss,Al Wakrah,Qatar
2022-11-23,445,2022,a,Germany,Japan,83177813.0,69048.9884036885,9.6,10,0.6698179394000464,0.8120988851850702,0.776592510126528,0.5697596917617653,1,2,loss,Al Rayyan,Qatar
2022-11-23,445,2022,b,Japan,Germany,125124989.0,47192.0500603372,14.6,18,0.717424691415265,0.7378644765928696,0.9879741303512339,0.4599311704813728,2,1,win,Al Rayyan,Qatar
2022-11-23,446,2022,a,Spain,Costa Rica,47786102.0,51398.9310403407,13.3,3,0.6051994196594294,0.7545202117385722,0.9559974818331,0.7947232043023992,7,0,win,Doha,Qatar
2022-11-23,446,2022,b,Costa Rica,Spain,5081765.0,26226.2754815949,24.8,34,0.34391637981854195,0.6232794175293676,0.6200068879809457,0.3410960386713825,0,7,loss,Doha,Qatar
2022-11-23,447,2022,a,Morocco,Croatia,37329064.0,9310.0322265625,18.3,25,0.5764064917935252,0.4212716525369613,0.967873075176895,0.39854985977038226,0,0,draw,Al Khor,Qatar
2022-11-23,447,2022,b,Croatia,Morocco,3855641.0,42125.0726930931,11.9,14,0.3117238862151074,0.7157101898215344,0.9014367207433535,0.5068895206493126,0,0,draw,Al Khor,Qatar
2022-11-23,448,2022,a,Belgium,Canada,11680210.0,69128.1388883843,10.7,7,0.44094543006583675,0.8123223424351615,0.8408053791958005,0.6364047587727383,1,0,win,Al Rayyan,Qatar
2022-11-23,448,2022,b,Canada,Belgium,38935934.0,63944.1050100687,-5.4,32,0.5813201432675775,0.7971176662450116,0.05919527347393252,0.35242380938287154,0,1,loss,Al Rayyan,Qatar
2022-11-24,449,2022,a,Switzerland,Cameroon,8777088.0,94421.4576550424,6.5,16,0.40763020428377694,0.8731403420357294,0.5728686816364933,0.48193904750629724,1,0,win,Al Wakrah,Qatar
2022-11-24,449,2022,b,Cameroon,Switzerland,27632771.0,5188.97750866081,24.6,53,0.5413402828026429,0.3072537556441467,0.6334696366573507,0.2581470183752065,0,1,loss,Al Wakrah,Qatar
2022-11-24,450,2022,a,Brazil,Serbia,210306415.0,19876.8533531396,25.0,1,0.777963398200528,0.5692102815506525,0.6065306597126334,1.0,2,0,win,Lusail,Qatar
2022-11-24,450,2022,b,Serbia,Brazil,6664449.0,26142.8279237665,11.4,20,0.3755267795434549,0.6226578106053682,0.8775535639640376,0.44024445363833975,0,2,loss,Lusail,Qatar
2022-11-24,451,2022,a,Uruguay,South Korea,3390913.0,33000.918699951,17.6,13,0.29674952354594547,0.6680968669971403,0.9843217347761177,0.5207366687435742,0,0,draw,Al Rayyan,Qatar
2022-11-24,451,2022,b,South Korea,Uruguay,51672569.0,55509.3368761174,11.5,17,0.6143157093971608,0.7695261974520583,0.8824969025845955,0.4706112767948082,0,0,draw,Al Rayyan,Qatar
2022-11-24,452,2022,a,Portugal,Ghana,10434332.0,45250.0148759865,15.2,8,0.42779493011920755,0.7296679785031415,0.9960571761381909,0.6114542856297229,3,2,win,Doha,Qatar
2022-11-24,452,2022,b,Ghana,Portugal,33149152.0,7208.15798982723,27.2,68,0.5625610504185808,0.3713623126453854,0.46101671078353545,0.2115808005479567,2,3,loss,Doha,Qatar
2022-11-25,453,2022,a,Qatar,Senegal,2657333.0,122920.54329029,27.2,45,0.26832809310258543,0.924588764690266,0.46101671078353545,0.2887213384899895,1,3,loss,Doha,Qatar
2022-11-25,453,2022,b,Senegal,Qatar,17651103.0,4530.22059496055,27.8,40,0.48908496794633094,0.28077252828260424,0.4233711028530494,0.31072921551491406,3,1,win,Doha,Qatar
2022-11-25,454,2022,a,Netherlands,Ecuador,17700982.0,78630.3599072098,10.4,4,0.4894139616491513,0.837444065011255,0.8240037097874372,0.7409695237531486,1,1,draw,Al Rayyan,Qatar
2022-11-25,454,2022,b,Ecuador,Netherlands,17823897.0,15198.0725554473,21.9,22,0.4902207481131145,0.5168612156643381,0.8066410193413683,0.4224356520170568,1,1,draw,Al Rayyan,Qatar
2022-11-25,455,2022,a,Wales,Iran,67604000.0,59021.5721805914,9.3,31,0.6456476329728983,0.7814928883880613,0.7579796312276883,0.3583560851500469,0,2,loss,Al Rayyan,Qatar
2022-11-25,455,2022,b,Iran,Wales,89524246.0,17545.6246629429,17.3,18,0.6783905358865289,0.5448774836316813,0.9896221268507549,0.4599311704813728,2,0,win,Al Rayyan,Qatar
2022-11-25,456,2022,a,England,United States,67604000.0,59021.5721805914,9.3,7,0.6456476329728983,0.7814928883880613,0.7579796312276883,0.6364047587727383,0,0,draw,Al Khor,Qatar
2022-11-25,456,2022,b,United States,England,334017321.0,77860.9112908848,8.6,19,0.8319002781305166,0.8355259705660171,0.7131776783554898,0.44982865656530246,0,0,draw,Al Khor,Qatar
2022-11-26,457,2022,a,Poland,Saudi Arabia,36821749.0,46777.5524519162,8.8,23,0.5748111521596779,0.7361437398228758,0.7261490370736909,0.4141297960952067,2,0,win,Al Rayyan,Qatar
2022-11-26,457,2022,b,Saudi Arabia,Poland,32175224.0,71968.074955888,26.0,45,0.5590843413091833,0.8201752203225442,0.5394075072376266,0.2887213384899895,0,2,loss,Al Rayyan,Qatar
2022-11-26,458,2022,a,Argentina,Mexico,45407904.0,29808.8073468007,14.8,2,0.5992477486093514,0.6482540903256983,0.9911505004882849,0.8704847618765743,2,0,win,Lusail,Qatar
2022-11-26,458,2022,b,Mexico,Argentina,128613117.0,23135.4931601276,21.0,24,0.7206303603698891,0.598821288833317,0.8569968914352789,0.4061774899321221,0,2,loss,Lusail,Qatar
2022-11-26,459,2022,a,Tunisia,Australia,12119334.0,13618.5389918651,19.2,36,0.44524824255317824,0.495457043152645,0.9387464321565271,0.3304159323579471,0,1,loss,Al Wakrah,Qatar
2022-11-26,459,2022,b,Australia,Tunisia,26018721.0,66103.1797066957,21.7,29,0.5343232930473688,0.8035948060161042,0.8182760289835492,0.370817434616976,1,0,win,Al Wakrah,Qatar
2022-11-26,460,2022,a,France,Denmark,68184457.0,57042.9449013772,11.7,4,0.6466444017757974,0.7748419399030368,0.8921367932761701,0.7409695237531486,2,1,win,Doha,Qatar
2022-11-26,460,2022,b,Denmark,France,5903037.0,78913.6534913127,8.3,12,0.36138226239083926,0.8381455401528309,0.6935113630255842,0.5356927280555478,1,2,loss,Doha,Qatar
2022-11-27,461,2022,a,Japan,Costa Rica,125124989.0,47192.0500603372,14.6,16,0.717424691415265,0.7378644765928696,0.9879741303512339,0.48193904750629724,0,1,loss,Al Rayyan,Qatar
2022-11-27,461,2022,b,Costa Rica,Japan,5081765.0,26226.2754815949,24.8,36,0.34391637981854195,0.6232794175293676,0.6200068879809457,0.3304159323579471,1,0,win,Al Rayyan,Qatar
2022-11-27,462,2022,a,Spain,Germany,47786102.0,51398.9310403407,13.3,3,0.6051994196594294,0.7545202117385722,0.9559974818331,0.7947232043023992,1,1,draw,Al Khor,Qatar
2022-11-27,462,2022,b,Germany,Spain,83177813.0,69048.9884036885,9.6,10,0.6698179394000464,0.8120988851850702,0.776592510126528,0.5697596917617653,1,1,draw,Al Khor,Qatar
2022-11-27,463,2022,a,Belgium,Morocco,11680210.0,69128.1388883843,10.7,6,0.44094543006583675,0.8123223424351615,0.8408053791958005,0.6652079661789736,0,2,loss,Doha,Qatar
2022-11-27,463,2022,b,Morocco,Belgium,37329064.0,9310.0322265625,18.3,24,0.5764064917935252,0.4212716525369613,0.967873075176895,0.4061774899321221,2,0,win,Doha,Qatar
2022-11-27,464,2022,a,Croatia,Canada,3855641.0,42125.0726930931,11.9,14,0.3117238862151074,0.7157101898215344,0.9014367207433535,0.5068895206493126,4,1,win,Al Rayyan,Qatar
2022-11-27,464,2022,b,Canada,Croatia,38935934.0,63944.1050100687,-5.4,34,0.5813201432675775,0.7971176662450116,0.05919527347393252,0.3410960386713825,1,4,loss,Al Rayyan,Qatar
2022-11-28,465,2022,a,Cameroon,Serbia,27632771.0,5188.97750866081,24.6,56,0.5413402828026429,0.3072537556441467,0.6334696366573507,0.2478590444024611,3,3,draw,Al Wakrah,Qatar
2022-11-28,465,2022,b,Serbia,Cameroon,6664449.0,26142.8279237665,11.4,20,0.3755267795434549,0.6226578106053682,0.8775535639640376,0.44024445363833975,3,3,draw,Al Wakrah,Qatar
2022-11-28,466,2022,a,Brazil,Switzerland,210306415.0,19876.8533531396,25.0,1,0.777963398200528,0.5692102815506525,0.6065306597126334,1.0,1,0,win,Doha,Qatar
2022-11-28,466,2022,b,Switzerland,Brazil,8777088.0,94421.4576550424,6.5,15,0.40763020428377694,0.8731403420357294,0.5728686816364933,0.4939981341875903,0,1,loss,Doha,Qatar
2022-11-28,467,2022,a,South Korea,Ghana,51672569.0,55509.3368761174,11.5,16,0.6143157093971608,0.7695261974520583,0.8824969025845955,0.48193904750629724,2,3,loss,Al Rayyan,Qatar
2022-11-28,467,2022,b,Ghana,South Korea,33149152.0,7208.15798982723,27.2,70,0.5625610504185808,0.3713623126453854,0.46101671078353545,0.2061644505345036,3,2,win,Al Rayyan,Qatar
2022-11-28,468,2022,a,Portugal,Uruguay,10434332.0,45250.0148759865,15.2,7,0.42779493011920755,0.7296679785031415,0.9960571761381909,0.6364047587727383,2,0,win,Lusail,Qatar
2022-11-28,468,2022,b,Uruguay,Portugal,3390913.0,33000.918699951,17.6,12,0.29674952354594547,0.6680968669971403,0.9843217347761177,0.5356927280555478,0,2,loss,Lusail,Qatar
2022-11-29,469,2022,a,Ecuador,Senegal,17823897.0,15198.0725554473,21.9,24,0.4902207481131145,0.5168612156643381,0.8066410193413683,0.4061774899321221,1,2,loss,Al Rayyan,Qatar
2022-11-29,469,2022,b,Senegal,Ecuador,17651103.0,4530.22059496055,27.8,34,0.48908496794633094,0.28077252828260424,0.4233711028530494,0.3410960386713825,2,1,win,Al Rayyan,Qatar
2022-11-29,470,2022,a,Qatar,Netherlands,2657333.0,122920.54329029,27.2,46,0.26832809310258543,0.924588764690266,0.46101671078353545,0.28461455797178103,0,2,loss,Al Khor,Qatar
2022-11-29,470,2022,b,Netherlands,Qatar,17700982.0,78630.3599072098,10.4,5,0.4894139616491513,0.837444065011255,0.8240037097874372,0.6992749298851911,2,0,win,Al Khor,Qatar
2022-11-29,471,2022,a,Wales,England,67604000.0,59021.5721805914,9.3,33,0.6456476329728983,0.7814928883880613,0.7579796312276883,0.34667409444288166,0,3,loss,Al Rayyan,Qatar
2022-11-29,471,2022,b,England,Wales,67604000.0,59021.5721805914,9.3,7,0.6456476329728983,0.7814928883880613,0.7579796312276883,0.6364047587727383,3,0,win,Al Rayyan,Qatar
2022-11-29,472,2022,a,Iran,United States,89524246.0,17545.6246629429,17.3,16,0.6783905358865289,0.5448774836316813,0.9896221268507549,0.48193904750629724,0,1,loss,Doha,Qatar
2022-11-29,472,2022,b,United States,Iran,334017321.0,77860.9112908848,8.6,17,0.8319002781305166,0.8355259705660171,0.7131776783554898,0.4706112767948082,1,0,win,Doha,Qatar
2022-11-30,473,2022,a,Poland,Argentina,36821749.0,46777.5524519162,8.8,23,0.5748111521596779,0.7361437398228758,0.7261490370736909,0.4141297960952067,0,2,loss,Doha,Qatar
2022-11-30,473,2022,b,Argentina,Poland,45407904.0,29808.8073468007,14.8,2,0.5992477486093514,0.6482540903256983,0.9911505004882849,0.8704847618765743,2,0,win,Doha,Qatar
2022-11-30,474,2022,a,Saudi Arabia,Mexico,32175224.0,71968.074955888,26.0,45,0.5590843413091833,0.8201752203225442,0.5394075072376266,0.2887213384899895,1,2,loss,Lusail,Qatar
2022-11-30,474,2022,b,Mexico,Saudi Arabia,128613117.0,23135.4931601276,21.0,25,0.7206303603698891,0.598821288833317,0.8569968914352789,0.39854985977038226,2,1,win,Lusail,Qatar
2022-11-30,475,2022,a,Australia,Denmark,26018721.0,66103.1797066957,21.7,28,0.5343232930473688,0.8035948060161042,0.8182760289835492,0.3773742825258869,1,0,win,Al Wakrah,Qatar
2022-11-30,475,2022,b,Denmark,Australia,5903037.0,78913.6534913127,8.3,13,0.36138226239083926,0.8381455401528309,0.6935113630255842,0.5207366687435742,0,1,loss,Al Wakrah,Qatar
2022-11-30,476,2022,a,Tunisia,France,12119334.0,13618.5389918651,19.2,41,0.44524824255317824,0.495457043152645,0.9387464321565271,0.30611537636325226,1,0,win,Al Rayyan,Qatar
2022-11-30,476,2022,b,France,Tunisia,68184457.0,57042.9449013772,11.7,4,0.6466444017757974,0.7748419399030368,0.8921367932761701,0.7409695237531486,0,1,loss,Al Rayyan,Qatar
2022-12-01,477,2022,a,Japan,Spain,125124989.0,47192.0500603372,14.6,17,0.717424691415265,0.7378644765928696,0.9879741303512339,0.4706112767948082,2,1,win,Al Rayyan,Qatar
2022-12-01,477,2022,b,Spain,Japan,47786102.0,51398.9310403407,13.3,3,0.6051994196594294,0.7545202117385722,0.9559974818331,0.7947232043023992,1,2,loss,Al Rayyan,Qatar
2022-12-01,478,2022,a,Costa Rica,Germany,5081765.0,26226.2754815949,24.8,32,0.34391637981854195,0.6232794175293676,0.6200068879809457,0.35242380938287154,2,4,loss,Al Khor,Qatar
2022-12-01,478,2022,b,Germany,Costa Rica,83177813.0,69048.9884036885,9.6,10,0.6698179394000464,0.8120988851850702,0.776592510126528,0.5697596917617653,4,2,win,Al Khor,Qatar
2022-12-01,479,2022,a,Croatia,Belgium,3855641.0,42125.0726930931,11.9,12,0.3117238862151074,0.7157101898215344,0.9014367207433535,0.5356927280555478,0,0,draw,Al Rayyan,Qatar
2022-12-01,479,2022,b,Belgium,Croatia,11680210.0,69128.1388883843,10.7,9,0.44094543006583675,0.8123223424351615,0.8408053791958005,0.5894464086047984,0,0,draw,Al Rayyan,Qatar
2022-12-01,480,2022,a,Canada,Morocco,38935934.0,63944.1050100687,-5.4,40,0.5813201432675775,0.7971176662450116,0.05919527347393252,0.31072921551491406,1,2,loss,Doha,Qatar
2022-12-01,480,2022,b,Morocco,Canada,37329064.0,9310.0322265625,18.3,21,0.5764064917935252,0.4212716525369613,0.967873075176895,0.43112796307513745,2,1,win,Doha,Qatar
2022-12-02,481,2022,a,Serbia,Switzerland,6664449.0,26142.8279237665,11.4,21,0.3755267795434549,0.6226578106053682,0.8775535639640376,0.43112796307513745,2,3,loss,Doha,Qatar
2022-12-02,481,2022,b,Switzerland,Serbia,8777088.0,94421.4576550424,6.5,17,0.40763020428377694,0.8731403420357294,0.5728686816364933,0.4706112767948082,3,2,win,Doha,Qatar
2022-12-02,482,2022,a,Cameroon,Brazil,27632771.0,5188.97750866081,24.6,54,0.5413402828026429,0.3072537556441467,0.6334696366573507,0.25465437478377184,1,0,win,Lusail,Qatar
2022-12-02,482,2022,b,Brazil,Cameroon,210306415.0,19876.8533531396,25.0,1,0.777963398200528,0.5692102815506525,0.6065306597126334,1.0,0,1,loss,Lusail,Qatar
2022-12-02,483,2022,a,Ghana,Uruguay,33149152.0,7208.15798982723,27.2,60,0.5625610504185808,0.3713623126453854,0.46101671078353545,0.23496765794073904,0,2,loss,Al Wakrah,Qatar
2022-12-02,483,2022,b,Uruguay,Ghana,3390913.0,33000.918699951,17.6,13,0.29674952354594547,0.6680968669971403,0.9843217347761177,0.5207366687435742,2,0,win,Al Wakrah,Qatar
2022-12-02,484,2022,a,South Korea,Portugal,51672569.0,55509.3368761174,11.5,20,0.6143157093971608,0.7695261974520583,0.8824969025845955,0.44024445363833975,2,1,win,Al Rayyan,Qatar
2022-12-02,484,2022,b,Portugal,South Korea,10434332.0,45250.0148759865,15.2,6,0.42779493011920755,0.7296679785031415,0.9960571761381909,0.6652079661789736,1,2,loss,Al Rayyan,Qatar
2022-12-03,485,2022,a,Netherlands,United States,17700982.0,78630.3599072098,10.4,3,0.4894139616491513,0.837444065011255,0.8240037097874372,0.7947232043023992,3,1,win,Al Rayyan,Qatar
2022-12-03,485,2022,b,United States,Netherlands,334017321.0,77860.9112908848,8.6,17,0.8319002781305166,0.8355259705660171,0.7131776783554898,0.4706112767948082,1,3,loss,Al Rayyan,Qatar
2022-12-03,486,2022,a,Argentina,Australia,45407904.0,29808.8073468007,14.8,2,0.5992477486093514,0.6482540903256983,0.9911505004882849,0.8704847618765743,2,1,win,Al Rayyan,Qatar
2022-12-03,486,2022,b,Australia,Argentina,26018721.0,66103.1797066957,21.7,25,0.5343232930473688,0.8035948060161042,0.8182760289835492,0.39854985977038226,1,2,loss,Al Rayyan,Qatar
2022-12-04,487,2022,a,France,Poland,68184457.0,57042.9449013772,11.7,5,0.6466444017757974,0.7748419399030368,0.8921367932761701,0.6992749298851911,3,1,win,Doha,Qatar
2022-12-04,487,2022,b,Poland,France,36821749.0,46777.5524519162,8.8,22,0.5748111521596779,0.7361437398228758,0.7261490370736909,0.4224356520170568,1,3,loss,Doha,Qatar
2022-12-04,488,2022,a,England,Senegal,67604000.0,59021.5721805914,9.3,6,0.6456476329728983,0.7814928883880613,0.7579796312276883,0.6652079661789736,3,0,win,Al Khor,Qatar
2022-12-04,488,2022,b,Senegal,England,17651103.0,4530.22059496055,27.8,30,0.48908496794633094,0.28077252828260424,0.4233711028530494,0.3644828960641646,0,3,loss,Al Khor,Qatar
2022-12-05,489,2022,a,Japan,Croatia,125124989.0,47192.0500603372,14.6,16,0.717424691415265,0.7378644765928696,0.9879741303512339,0.48193904750629724,1,1,draw,Al Wakrah,Qatar
2022-12-05,489,2022,b,Croatia,Japan,3855641.0,42125.0726930931,11.9,12,0.3117238862151074,0.7157101898215344,0.9014367207433535,0.5356927280555478,1,1,draw,Al Wakrah,Qatar
2022-12-05,490,2022,a,Brazil,South Korea,210306415.0,19876.8533531396,25.0,1,0.777963398200528,0.5692102815506525,0.6065306597126334,1.0,4,1,win,Doha,Qatar
2022-12-05,490,2022,b,South Korea,Brazil,51672569.0,55509.3368761174,11.5,17,0.6143157093971608,0.7695261974520583,0.8824969025845955,0.4706112767948082,1,4,loss,Doha,Qatar
2022-12-06,491,2022,a,Morocco,Spain,37329064.0,9310.0322265625,18.3,20,0.5764064917935252,0.4212716525369613,0.967873075176895,0.44024445363833975,0,0,draw,Al Rayyan,Qatar
2022-12-06,491,2022,b,Spain,Morocco,47786102.0,51398.9310403407,13.3,5,0.6051994196594294,0.7545202117385722,0.9559974818331,0.6992749298851911,0,0,draw,Al Rayyan,Qatar
2022-12-06,492,2022,a,Portugal,Switzerland,10434332.0,45250.0148759865,15.2,7,0.42779493011920755,0.7296679785031415,0.9960571761381909,0.6364047587727383,6,1,win,Lusail,Qatar
2022-12-06,492,2022,b,Switzerland,Portugal,8777088.0,94421.4576550424,6.5,14,0.40763020428377694,0.8731403420357294,0.5728686816364933,0.5068895206493126,1,6,loss,Lusail,Qatar
2022-12-09,493,2022,a,Croatia,Brazil,3855641.0,42125.0726930931,11.9,12,0.3117238862151074,0.7157101898215344,0.9014367207433535,0.5356927280555478,1,1,draw,Al Rayyan,Qatar
2022-12-09,493,2022,b,Brazil,Croatia,210306415.0,19876.8533531396,25.0,1,0.777963398200528,0.5692102815506525,0.6065306597126334,1.0,1,1,draw,Al Rayyan,Qatar
2022-12-09,494,2022,a,Netherlands,Argentina,17700982.0,78630.3599072098,10.4,3,0.4894139616491513,0.837444065011255,0.8240037097874372,0.7947232043023992,2,2,draw,Lusail,Qatar
2022-12-09,494,2022,b,Argentina,Netherlands,45407904.0,29808.8073468007,14.8,2,0.5992477486093514,0.6482540903256983,0.9911505004882849,0.8704847618765743,2,2,draw,Lusail,Qatar
2022-12-10,495,2022,a,Morocco,Portugal,37329064.0,9310.0322265625,18.3,19,0.5764064917935252,0.4212716525369613,0.967873075176895,0.44982865656530246,1,0,win,Doha,Qatar
2022-12-10,495,2022,b,Portugal,Morocco,10434332.0,45250.0148759865,15.2,7,0.42779493011920755,0.7296679785031415,0.9960571761381909,0.6364047587727383,0,1,loss,Doha,Qatar
2022-12-10,496,2022,a,England,France,67604000.0,59021.5721805914,9.3,6,0.6456476329728983,0.7814928883880613,0.7579796312276883,0.6652079661789736,1,2,loss,Al Khor,Qatar
2022-12-10,496,2022,b,France,England,68184457.0,57042.9449013772,11.7,4,0.6466444017757974,0.7748419399030368,0.8921367932761701,0.7409695237531486,2,1,win,Al Khor,Qatar
2022-12-13,497,2022,a,Argentina,Croatia,45407904.0,29808.8073468007,14.8,2,0.5992477486093514,0.6482540903256983,0.9911505004882849,0.8704847618765743,3,0,win,Lusail,Qatar
2022-12-13,497,2022,b,Croatia,Argentina,3855641.0,42125.0726930931,11.9,12,0.3117238862151074,0.7157101898215344,0.9014367207433535,0.5356927280555478,0,3,loss,Lusail,Qatar
2022-12-14,498,2022,a,France,Morocco,68184457.0,57042.9449013772,11.7,4,0.6466444017757974,0.7748419399030368,0.8921367932761701,0.7409695237531486,2,0,win,Al Khor,Qatar
2022-12-14,498,2022,b,Morocco,France,37329064.0,9310.0322265625,18.3,16,0.5764064917935252,0.4212716525369613,0.967873075176895,0.48193904750629724,0,2,loss,Al Khor,Qatar
2022-12-17,499,2022,a,Croatia,Morocco,3855641.0,42125.0726930931,11.9,12,0.3117238862151074,0.7157101898215344,0.9014367207433535,0.5356927280555478,2,1,win,Al Rayyan,Qatar
2022-12-17,499,2022,b,Morocco,Croatia,37329064.0,9310.0322265625,18.3,17,0.5764064917935252,0.4212716525369613,0.967873075176895,0.4706112767948082,1,2,loss,Al Rayyan,Qatar
2022-12-18,500,2022,a,Argentina,France,45407904.0,29808.8073468007,14.8,2,0.5992477486093514,0.6482540903256983,0.9911505004882849,0.8704847618765743,3,3,draw,Lusail,Qatar
2022-12-18,500,2022,b,France,Argentina,68184457.0,57042.9449013772,11.7,3,0.6466444017757974,0.7748419399030368,0.8921367932761701,0.7947232043023992,3,3,draw,Lusail,Qatar
